scenario,mip_era,model,unit,1979,1980,1981,1982,1983,1984,1985,1986,1987,1988,1989,1990,1991,1992,1993,1994,1995,1996,1997,1998,1999,2000,2001,2002,2003,2004,2005,2006,2007,2008,2009,2010,2011,2012,2013,2014,2015,2016,2017,2018,2019,2020,2021,2022,2023,2024,2025,2026,2027,2028,2029,2030,2031,2032,2033,2034,2035,2036,2037,2038,2039,2040,2041,2042,2043,2044,2045,2046,2047,2048,2049,2050,2051,2052,2053,2054,2055,2056,2057,2058,2059,2060,2061,2062,2063,2064,2065,2066,2067,2068,2069,2070,2071,2072,2073,2074,2075,2076,2077,2078,2079,2080,2081,2082,2083,2084,2085,2086,2087,2088,2089,2090,2091,2092,2093,2094,2095,2096,2097,2098,2099,2100
rcp60,CMIP5,AIM,ppm,336.543468898932,338.30369748546553,339.6919614726028,340.8374937214612,342.21895745689545,343.7741194450684,345.2873047945206,346.8424200913243,348.6742503274945,350.6973614230107,352.4426033105022,353.83177140410953,354.9799645526113,355.889443237393,356.83699400684924,358.1755719178082,359.825744607256,361.4734327762806,363.2182559931507,365.30871489726036,367.28290914208895,368.8779827862614,370.5277405821918,372.5495296803653,374.7354295013349,376.8089162424833,378.81827511415526,380.8232037671233,382.7851963018065,384.8171471173616,386.9389954052511,389.0703506221461,391.16247217219353,393.2415955006613,395.3006781050228,397.3489148356164,399.38351078808915,401.4138743743045,403.42722336301375,405.42126880593605,407.39655075850857,409.35572111135133,411.29409494063924,413.2179979326484,415.14387974149145,417.08302223225604,419.03653993949774,421.0030858025114,422.97559965681063,424.94771769622224,426.91398341210044,428.87419054337903,430.8322296506538,432.81172469657776,434.83744195433786,436.92288524315063,439.07365376027406,441.29171081735154,443.5721570239726,445.9064086575342,448.2837140386069,450.70037323223113,453.15359317579896,455.6483215981736,458.1843898566135,460.76788302019236,463.4121237317351,466.1266913333333,468.9134054954089,471.773258041623,474.69671069178094,477.6740997340183,480.7001532387467,483.781474729165,486.9191189452055,490.1060790410958,493.34314562002527,496.64837169606,500.02958200456624,503.49003436986294,507.0278132134267,510.63855920683,514.3086858812786,518.0298444452054,521.7991995084589,525.6214075690265,529.4888285559362,533.4051535639269,537.3868857795867,541.4498937740942,545.5962086689498,549.8262676358446,554.1301081334992,558.4852276317403,562.8667102191781,567.2715961221462,571.6982236120905,576.1437303402794,580.6075262579909,585.1073110365297,589.6548469204594,594.259805491797,598.9090725650684,603.5171288550227,607.9975909753036,612.3427992624324,616.5518812545662,620.6269027328767,624.561427660516,628.3631429949443,632.0492039942923,635.6343964406393,639.1324354343825,642.5950426651352,646.0569908230594,649.5100494235161,652.9440624481124,656.3581540712971,659.7469040319635,663.1000572751142,666.4185234988583,669.7203481506849
ssp370,CMIP6,AIM,ppm,336.60494740804035,338.70494588216144,340.05894978841144,340.64394124348956,342.26594797770184,344.00794728597003,345.4589538574219,346.90294647216797,348.77494557698566,351.2759323120117,352.89392344156903,354.07293192545575,355.35293833414715,356.22894795735675,356.92495981852215,358.2539596557617,360.2389551798503,362.00496164957684,363.25195566813153,365.9329554239909,367.84497833251953,369.1249745686849,370.67298889160156,372.83499399820965,375.41099802652997,376.9870020548503,378.9070078531901,381.01000722249347,382.60301971435547,384.739018758138,386.28002166748047,388.71703084309894,390.9440205891927,393.0159912109375,395.72497812906903,397.5469792683919,399.9484380086263,403.1169662475586,405.8129628499349,408.8319574991862,411.94596099853516,415.1549555460612,418.4609603881836,421.8429590861003,425.28295644124347,428.7839533487956,432.3469518025716,435.9749501546224,439.6699473063151,443.43195088704425,447.262944539388,451.16395060221356,455.1359507242839,459.1659469604492,463.24194590250653,467.36494700113934,471.53894297281903,475.76494852701825,480.0449447631836,484.3799463907878,488.7719421386719,493.220942179362,497.73093668619794,502.2919464111328,506.9009424845378,511.55694580078125,516.2639414469401,521.0209401448568,525.8299357096354,530.6919352213541,535.6089426676432,540.5809377034506,545.6099395751953,550.6909383138021,555.8219350179037,561.0039265950521,566.2389373779297,571.5259399414062,576.867919921875,582.2659403483073,587.7189381917318,593.2299397786459,598.7979329427084,604.4239349365234,610.1069386800131,615.846934000651,621.6469319661459,627.5049285888672,633.4229329427084,639.4019317626953,645.4419301350912,651.5439300537109,657.7079315185547,663.9339294433594,670.221923828125,676.5719350179037,682.9849446614584,689.460927327474,696.0019276936849,702.6059265136719,709.2749277750651,716.0079294840494,722.8079325358073,729.6789296468099,736.6289215087891,743.6569315592448,750.7639312744141,757.9509226481119,765.2159271240234,772.5609334309896,779.9839223225912,787.4879201253256,795.0699157714844,802.7359161376953,810.4889221191406,818.3279113769531,826.2539215087891,834.2669169108073,842.3669179280599,850.5539245605469,858.8289133707682,867.19091796875
rcp26,CMIP5,IMAGE,ppm,336.543468898932,338.30369748546553,339.6919614726028,340.8374937214612,342.21895745689545,343.7741194450684,345.2873047945206,346.8424200913243,348.6742503274945,350.6973614230107,352.4426033105022,353.83177140410953,354.9799645526113,355.889443237393,356.83699400684924,358.1755719178082,359.825744607256,361.4734327762806,363.2182559931507,365.30871489726036,367.28290914208895,368.8779827862614,370.5277405821918,372.5495296803653,374.7354295013349,376.8089162424833,378.81827511415526,380.8232037671233,382.7851963018065,384.8254787315168,387.01543234703195,389.2887144783105,391.56132421921546,393.845405418931,396.1222251312786,398.4009422990867,400.6784007101953,402.9657038119058,405.24918101369855,407.5263098607306,409.7972103712166,412.0645502475172,414.3154971872146,416.5018348892695,418.5898184403149,420.5890504149575,422.5040832203196,424.33686482876715,426.0832777652582,427.7390624182542,429.30105400342467,430.7708547853881,432.14847127394137,433.4205099728335,434.5797843047945,435.64152372031975,436.6167802837288,437.5106764052012,438.3228242157534,439.047660892694,439.6776022650585,440.2097353916491,440.6480505410959,441.0186773972602,441.34025712784137,441.6168672225809,441.8613356255708,442.0819163584475,442.28022434149256,442.45410809190435,442.5954184577625,442.6943646997716,442.7465231369988,442.7564970131497,442.728607793379,442.65726462328774,442.54452681121967,442.4044456094175,442.24659677739714,442.07347506621005,441.8834254973239,441.66855352471185,441.4192208321918,441.1294850011416,440.7981405091012,440.4247835087924,440.00489094520543,439.54172629452063,439.05068926184595,438.54159064144955,438.0178513687215,437.4781606095891,436.9176234899506,436.3428002304158,435.7642824851598,435.1818034486301,434.5940887622389,433.99455754025377,433.38578620547946,432.7819816815068,432.19252500863337,431.61899423942356,431.06015360502283,430.5109578299086,429.96426827612464,429.41398292471354,428.85889034360724,428.29797139726026,427.7258203611423,427.14441456407667,426.56848679337895,426.0073265947488,425.46386965205096,424.9400547207126,424.4324063150685,423.9312561369862,423.43104083826137,422.9298178899025,422.42698195433786,421.91714582191776,421.40286768493144,420.89838300570773
ssp126,CMIP6,IMAGE,ppm,336.60494740804035,338.70494588216144,340.05894978841144,340.64394124348956,342.26594797770184,344.00794728597003,345.4589538574219,346.90294647216797,348.77494557698566,351.2759323120117,352.89392344156903,354.07293192545575,355.35293833414715,356.22894795735675,356.92495981852215,358.2539596557617,360.2389551798503,362.00496164957684,363.25195566813153,365.9329554239909,367.84497833251953,369.1249745686849,370.67298889160156,372.83499399820965,375.41099802652997,376.9870020548503,378.9070078531901,381.01000722249347,382.60301971435547,384.739018758138,386.28002166748047,388.71703084309894,390.9440205891927,393.0159912109375,395.72497812906903,397.5469792683919,399.9491551717122,403.1169611612956,405.75196075439453,408.5919596354167,411.4169642130534,414.2319615681966,417.0419642130534,419.80896250406903,422.4989700317383,425.1199645996094,427.67396545410156,430.16595967610675,432.5979639689128,434.9739685058594,437.29496510823566,439.56396484375,441.78096262613934,443.92896779378253,445.9899622599284,447.9689636230469,449.86596934000653,451.68496958414715,453.42596944173175,455.0919698079427,456.68396759033203,458.20097096761066,459.64697265625,461.0189743041992,462.3149693806966,463.53597259521484,464.68297322591144,465.7549794514974,466.7529780069987,467.67798105875653,468.5299809773763,469.3099772135417,470.01897684733075,470.66298421223956,471.24998474121094,471.7789840698242,472.250981648763,472.6649856567383,473.02198282877606,473.32198842366535,473.56398518880206,473.74998728434247,473.87798563639325,473.958989461263,473.9989878336589,473.9989878336589,473.95699310302734,473.87299092610675,473.74698638916016,473.57799530029297,473.364995320638,473.1099904378255,472.8109944661458,472.45799509684247,472.04099527994794,471.5609944661458,471.0179951985677,470.4139989217122,469.74900309244794,469.0219955444336,468.2360026041667,467.38999938964844,466.48399861653644,465.53599802652997,464.5610071818034,463.55800374348956,462.5270029703776,461.4660059611003,460.37500762939453,459.2550099690755,458.10400390625,456.9240036010742,455.71300506591797,454.50200907389325,453.31900787353516,452.1600112915039,451.02400461832684,449.9090092976888,448.812006632487,447.7340087890625,446.67200978597003,445.62500254313153
rcp85,CMIP5,MESSAGE,ppm,336.543468898932,338.30369748546553,339.6919614726028,340.8374937214612,342.21895745689545,343.7741194450684,345.2873047945206,346.8424200913243,348.6742503274945,350.6973614230107,352.4426033105022,353.83177140410953,354.9799645526113,355.889443237393,356.83699400684924,358.1755719178082,359.825744607256,361.4734327762806,363.2182559931507,365.30871489726036,367.28290914208895,368.8779827862614,370.5277405821918,372.5495296803653,374.7354295013349,376.8089162424833,378.81827511415526,380.8232037671233,382.7851963018065,384.82695844841186,387.02913331735164,389.328892762557,391.64350219277895,394.02284900406715,396.4793363538813,399.01952096347037,401.63444692477606,404.3341509571139,407.1015911335616,409.9326616974886,412.8262063979028,415.7846878935331,418.80037770890414,421.8697062214612,425.0001313072648,428.2037561658526,431.4813613755707,434.8318680045663,438.24786941343535,441.72435304856896,445.25476677511415,448.838822324201,452.47749502790253,456.1840626861011,459.9735486118721,463.8624894349314,467.8594472080869,471.9706449240837,476.19194949543385,480.5162265159816,484.93328019749475,489.44241888157484,494.04122146118726,498.73875220433797,503.5369671764229,508.4432305199273,513.4684858493151,518.623355716895,523.9108020958905,529.3350863219179,534.885322196347,540.5522021107307,546.3292020354194,552.2203151173491,558.219968747717,564.3210568732876,570.524954943459,576.854468109957,583.3169559634703,589.9176606963471,596.6554025735709,603.5294435374249,610.5224877157533,617.6082937648401,624.7645529061369,631.9962109541756,639.2929836837899,646.6572811689498,654.1024924960262,661.6521905241535,669.3127374760275,677.084370696347,684.9541508629886,692.9002803726731,700.8934221255707,708.9309695924658,717.0108202338498,725.1348422751049,733.305924365297,741.5251028436072,749.8072556414278,758.1852290739824,766.646207727169,775.1735134646119,783.7462901217032,792.3627586410629,801.0172330981736,809.7091474383561,818.4156419994324,827.1571870849084,835.9551558253426,844.8066158595889,853.7251463273197,862.7240416829695,871.7741534098174,880.8607998664384,889.9743595659232,899.1185119081734,908.2836371004564,917.4654359748857,926.659821541096,935.8730880753424
ssp245,CMIP6,MESSAGE-GLOBIOM,ppm,336.60494740804035,338.70494588216144,340.05894978841144,340.64394124348956,342.26594797770184,344.00794728597003,345.4589538574219,346.90294647216797,348.77494557698566,351.2759323120117,352.89392344156903,354.07293192545575,355.35293833414715,356.22894795735675,356.92495981852215,358.2539596557617,360.2389551798503,362.00496164957684,363.25195566813153,365.9329554239909,367.84497833251953,369.1249745686849,370.67298889160156,372.83499399820965,375.41099802652997,376.9870020548503,378.9070078531901,381.01000722249347,382.60301971435547,384.739018758138,386.28002166748047,388.71703084309894,390.9440205891927,393.0159912109375,395.72497812906903,397.5469792683919,399.94909922281903,403.11696370442706,405.76196034749347,408.63196563720703,411.50596618652344,414.3899637858073,417.2869567871094,420.19796498616535,423.1249593098958,426.06895955403644,429.0299580891927,432.0109608968099,435.01196034749347,438.03295644124347,441.0769577026367,444.14295959472656,447.2319590250651,450.3329544067383,453.4349543253581,456.5409622192383,459.6519597371419,462.7699559529622,465.8969548543294,469.032958984375,472.17895762125653,475.3359603881836,478.5039571126302,481.6739552815755,484.83795674641925,487.9959538777669,491.1499506632487,494.29995981852215,497.4469579060872,500.5919545491536,503.7339579264323,506.8749542236328,510.0139516194661,513.1369603474935,516.2299601236979,519.2919565836588,522.3259582519531,525.3319600423177,528.3099568684896,531.2609608968099,534.1859588623047,537.0849558512369,539.9579620361328,542.7949523925781,545.5869496663412,548.334950764974,551.0389607747396,553.699951171875,556.3189544677734,558.8949534098307,561.4309590657552,563.9249572753906,566.3799591064453,568.771962483724,571.0829620361328,573.3139597574869,575.4659678141276,577.5399678548177,579.5369618733724,581.4579722086588,583.303965250651,585.0739695231119,586.7699686686198,588.3779602050781,589.8859710693359,591.2959747314453,592.6089782714844,593.8249664306641,594.9449768066406,595.9699757893881,596.8999786376953,597.7349751790365,598.4769846598307,599.1499837239584,599.7759857177734,600.35498046875,600.8859812418619,601.3659871419271,601.7969818115234,602.1769866943359,602.5049794514974,602.781982421875
rcp45,CMIP5,MiniCAM,ppm,336.543468898932,338.30369748546553,339.6919614726028,340.8374937214612,342.21895745689545,343.7741194450684,345.2873047945206,346.8424200913243,348.6742503274945,350.6973614230107,352.4426033105022,353.83177140410953,354.9799645526113,355.889443237393,356.83699400684924,358.1755719178082,359.825744607256,361.4734327762806,363.2182559931507,365.30871489726036,367.28290914208895,368.8779827862614,370.5277405821918,372.5495296803653,374.7354295013349,376.8089162424833,378.81827511415526,380.8232037671233,382.7851963018065,384.8192997771789,386.95888768264837,389.12821872945204,391.272328431538,393.426078465167,395.5894896495434,397.7709618641552,399.965764100519,402.18335329919597,404.40970272260273,406.6419643116439,408.88016837410487,411.1269300976059,413.3777461917809,415.64196273744284,417.9381687359271,420.27725707354597,422.659261805936,425.0821616917808,427.5381720825598,430.02084957798417,432.52386529223736,435.04646944520556,437.58590923253365,440.1278434802786,442.66341241780833,445.20745455022825,447.7696997463508,450.35582805383086,452.9631767694064,455.58509201141555,458.2123369772687,460.8426827758597,463.471810694064,466.08712688013696,468.671524548226,471.23038757098215,473.7784575228311,476.326750977169,478.878530776237,481.43560659500145,483.989467413242,486.5311392442922,489.05126837348104,491.5234651827014,493.91939355936074,496.2316769349315,498.4643374056005,500.63707285791725,502.7607573607306,504.84030573630145,506.87558998844725,508.86210003058176,510.78757118493166,512.6339813972603,514.3881460657483,516.0507098890324,517.6152500399543,519.0854834200912,520.4788735330364,521.8092092244804,523.0805096860731,524.2931152305937,525.438296365771,526.4943010544825,527.4426748835616,528.2818207123287,529.0119114298101,529.627771108332,530.1322446826483,530.5431545730593,530.8734281170247,531.1285637116425,531.3178537968037,531.4949764520549,531.7053416269868,531.9446950512794,532.2069279178082,532.487345130137,532.7758781913068,533.0724954438051,533.3919943219178,533.7451013196347,534.1349659820969,534.560548164446,535.0128456757991,535.4801263127855,535.9549483023305,536.4352282151516,536.9187145776256,537.3974331563927,537.8727468207762,538.3611903949773
ssp585,CMIP6,REMIND-MAGPIE,ppm,336.60494740804035,338.70494588216144,340.05894978841144,340.64394124348956,342.26594797770184,344.00794728597003,345.4589538574219,346.90294647216797,348.77494557698566,351.2759323120117,352.89392344156903,354.07293192545575,355.35293833414715,356.22894795735675,356.92495981852215,358.2539596557617,360.2389551798503,362.00496164957684,363.25195566813153,365.9329554239909,367.84497833251953,369.1249745686849,370.67298889160156,372.83499399820965,375.41099802652997,376.9870020548503,378.9070078531901,381.01000722249347,382.60301971435547,384.739018758138,386.28002166748047,388.71703084309894,390.9440205891927,393.0159912109375,395.72497812906903,397.5469792683919,399.94878641764325,403.11696370442706,405.79396057128906,408.7599639892578,411.78996022542316,414.8909632364909,418.06495666503906,421.33495839436847,424.720952351888,428.21995544433594,431.82995859781903,435.5499547322591,439.37795003255206,443.31495157877606,447.36094665527344,451.51494852701825,455.7789484659831,460.16394805908203,464.6819483439128,469.33094533284503,474.1119384765625,479.02494049072266,484.07193756103516,489.2519353230794,494.5669352213542,500.01893107096356,505.60793050130206,511.34192657470703,517.2279256184896,523.2669321695963,529.4599202473959,535.8089345296224,542.3139139811198,548.9769185384115,555.7999216715494,562.783925374349,569.9299163818359,577.2579091389974,584.7839202880859,592.5069071451823,600.4289093017578,608.5499013264974,616.8699035644531,625.3909047444662,634.1138865152994,643.0408986409506,652.1719004313151,661.5069071451823,671.0448862711588,680.7888946533203,690.7388814290365,700.8988850911459,711.2688802083334,721.8508860270182,732.6478830973307,743.6618703206381,754.8928833007812,766.3228708902994,777.9298706054688,789.7188822428385,801.6908721923828,813.8478749593099,826.19287109375,838.7268778483073,851.4518636067709,864.3688659667969,877.4798634847006,890.7088673909506,903.9808654785156,917.3008728027344,930.6708628336588,944.0918680826823,957.5668690999349,971.0958658854166,984.6808675130209,998.3208618164062,1012.0198669433594,1025.7398529052734,1039.4498596191406,1053.149881998698,1066.849873860677,1080.5298563639324,1094.2098795572917,1107.8898620605469,1121.5498758951824,1135.2098693847656
historical,CMIP6,unspecified,ppm,336.60494740804035,338.70494588216144,340.05894978841144,340.64394124348956,342.26594797770184,344.00794728597003,345.4589538574219,346.90294647216797,348.77494557698566,351.2759323120117,352.89392344156903,354.07293192545575,355.35293833414715,356.22894795735675,356.92495981852215,358.2539596557617,360.2389551798503,362.00496164957684,363.25195566813153,365.9329554239909,367.84497833251953,369.1249745686849,370.67298889160156,372.83499399820965,375.41099802652997,376.9870020548503,378.9070078531901,381.01000722249347,382.60301971435547,384.739018758138,386.28002166748047,388.71703084309894,390.9440205891927,393.0159912109375,395.72497812906903,397.5469792683919,,,,,,,,,,,,,,,,,,,,,,,,,,,,,,,,,,,,,,,,,,,,,,,,,,,,,,,,,,,,,,,,,,,,,,,,,,,,,,,,,,,,,,
