species,decimalLatitude,decimalLongitude,eventDate,year,basisOfRecord,coordinateUncertaintyInMeters,gbifID,datasetKey
Fagus orientalis,40.796042,44.926581,2026-05-02T18:21:41,2026,HUMAN_OBSERVATION,,6251485232,50c9509d-22c7-4a22-a47d-8c48425ef4a7
Fagus orientalis,40.74153,44.900847,2026-06-27T14:51,2026,HUMAN_OBSERVATION,210.0,6431799432,50c9509d-22c7-4a22-a47d-8c48425ef4a7
Fagus orientalis,40.809289,44.889924,2026-07-01T12:30:55,2026,HUMAN_OBSERVATION,4.0,6431598602,50c9509d-22c7-4a22-a47d-8c48425ef4a7
Fagus orientalis,40.807374,44.889774,2026-07-01T12:15:33,2026,HUMAN_OBSERVATION,5.0,6431724885,50c9509d-22c7-4a22-a47d-8c48425ef4a7
Fagus orientalis,40.803916,44.89183,2026-07-01T11:30:27,2026,HUMAN_OBSERVATION,30.0,6452532560,50c9509d-22c7-4a22-a47d-8c48425ef4a7
Fagus orientalis,40.185837,44.527425,2025-02-21T10:41:24,2025,HUMAN_OBSERVATION,4.0,6178690969,50c9509d-22c7-4a22-a47d-8c48425ef4a7
Fagus orientalis,40.74583,44.956703,2025-05-18T18:19:20,2025,HUMAN_OBSERVATION,8.0,6178389498,50c9509d-22c7-4a22-a47d-8c48425ef4a7
Fagus orientalis,40.764043,44.759893,2025-05-18T14:53:15,2025,HUMAN_OBSERVATION,7.0,6178900816,50c9509d-22c7-4a22-a47d-8c48425ef4a7
Fagus orientalis,40.755841,44.740205,2025-05-18T14:06:58,2025,HUMAN_OBSERVATION,4.0,6179499022,50c9509d-22c7-4a22-a47d-8c48425ef4a7
Fagus orientalis,40.71398,45.024783,2025-05-18T11:53:55,2025,HUMAN_OBSERVATION,35.0,6179553474,50c9509d-22c7-4a22-a47d-8c48425ef4a7
Fagus orientalis,40.803704,44.892107,2025-06-25T11:17:04,2025,HUMAN_OBSERVATION,8.0,6179189799,50c9509d-22c7-4a22-a47d-8c48425ef4a7
Fagus orientalis,40.802987,44.892875,2025-06-02T10:31:57,2025,HUMAN_OBSERVATION,69.0,6179450089,50c9509d-22c7-4a22-a47d-8c48425ef4a7
Fagus orientalis,40.804675,44.893156,2025-09-20T13:23:20,2025,HUMAN_OBSERVATION,,6178676164,50c9509d-22c7-4a22-a47d-8c48425ef4a7
Fagus orientalis,40.724337,45.11531,2025-10-15T13:00:47,2025,HUMAN_OBSERVATION,4.0,6178644253,50c9509d-22c7-4a22-a47d-8c48425ef4a7
Fagus orientalis,40.737938,44.873487,2025-11-03T16:03:24,2025,HUMAN_OBSERVATION,14.0,6178754881,50c9509d-22c7-4a22-a47d-8c48425ef4a7
Fagus orientalis,40.756844,44.803429,2024-10-11T10:05:44,2024,HUMAN_OBSERVATION,,6178477422,50c9509d-22c7-4a22-a47d-8c48425ef4a7
Fagus orientalis,40.80142,44.906123,2023-05-31T06:03,2023,HUMAN_OBSERVATION,,6130500504,50c9509d-22c7-4a22-a47d-8c48425ef4a7
Fagus orientalis,40.802928,44.892895,2023-06-22T17:18:53,2023,HUMAN_OBSERVATION,4.0,4145286787,50c9509d-22c7-4a22-a47d-8c48425ef4a7
Fagus orientalis,40.750466,44.960696,2023-09-22T15:38:49,2023,HUMAN_OBSERVATION,4.0,4420677880,50c9509d-22c7-4a22-a47d-8c48425ef4a7
Fagus orientalis,40.749194,44.960788,2023-09-22T15:53:01,2023,HUMAN_OBSERVATION,6.0,4420687624,50c9509d-22c7-4a22-a47d-8c48425ef4a7
Fagus orientalis,40.759368,44.851701,2023-09-22T11:06:10,2023,HUMAN_OBSERVATION,5.0,4420705928,50c9509d-22c7-4a22-a47d-8c48425ef4a7
Fagus orientalis,40.748989,44.960401,2023-09-22T16:04:45,2023,HUMAN_OBSERVATION,4.0,4420724841,50c9509d-22c7-4a22-a47d-8c48425ef4a7
Fagus orientalis,40.753299,44.934094,2023-09-22T16:36:46,2023,HUMAN_OBSERVATION,9.0,4420774596,50c9509d-22c7-4a22-a47d-8c48425ef4a7
Fagus orientalis,40.760768,44.852327,2023-09-22T11:41:25,2023,HUMAN_OBSERVATION,3.0,4420797906,50c9509d-22c7-4a22-a47d-8c48425ef4a7
Fagus orientalis,40.759391,44.851781,2023-09-22T11:08:52,2023,HUMAN_OBSERVATION,4.0,4420835725,50c9509d-22c7-4a22-a47d-8c48425ef4a7
Fagus orientalis,40.759359,44.851852,2023-09-22T11:03:43,2023,HUMAN_OBSERVATION,4.0,4420844736,50c9509d-22c7-4a22-a47d-8c48425ef4a7
Fagus orientalis,40.749506,44.961052,2023-09-22T15:49:08,2023,HUMAN_OBSERVATION,4.0,4420874820,50c9509d-22c7-4a22-a47d-8c48425ef4a7
Fagus orientalis,40.750492,44.960673,2023-09-22T15:40:46,2023,HUMAN_OBSERVATION,4.0,4420893973,50c9509d-22c7-4a22-a47d-8c48425ef4a7
Fagus orientalis,40.753168,44.93356,2023-09-22T17:00:42,2023,HUMAN_OBSERVATION,4.0,4420940683,50c9509d-22c7-4a22-a47d-8c48425ef4a7
Fagus orientalis,40.759352,44.851667,2023-09-22T11:11:41,2023,HUMAN_OBSERVATION,3.0,4420971771,50c9509d-22c7-4a22-a47d-8c48425ef4a7
Fagus orientalis,40.750865,44.960499,2023-09-22T15:23:06,2023,HUMAN_OBSERVATION,4.0,4420995945,50c9509d-22c7-4a22-a47d-8c48425ef4a7
Fagus orientalis,40.749082,44.960064,2023-09-22T16:02:32,2023,HUMAN_OBSERVATION,5.0,4420999909,50c9509d-22c7-4a22-a47d-8c48425ef4a7
Fagus orientalis,40.749161,44.959895,2023-09-22T16:00:48,2023,HUMAN_OBSERVATION,5.0,4421002632,50c9509d-22c7-4a22-a47d-8c48425ef4a7
Fagus orientalis,40.749038,44.960397,2023-09-22T15:57:55,2023,HUMAN_OBSERVATION,4.0,4421063951,50c9509d-22c7-4a22-a47d-8c48425ef4a7
Fagus orientalis,40.751028,44.960312,2023-09-22T15:20:47,2023,HUMAN_OBSERVATION,3.0,4421067924,50c9509d-22c7-4a22-a47d-8c48425ef4a7
Fagus orientalis,40.760738,44.852303,2023-09-22T11:43:29,2023,HUMAN_OBSERVATION,4.0,4421089931,50c9509d-22c7-4a22-a47d-8c48425ef4a7
Fagus orientalis,40.753353,44.933773,2023-09-22T17:03:19,2023,HUMAN_OBSERVATION,4.0,4421094780,50c9509d-22c7-4a22-a47d-8c48425ef4a7
Fagus orientalis,40.750885,44.960562,2023-09-22T15:24:26,2023,HUMAN_OBSERVATION,7.0,4421138965,50c9509d-22c7-4a22-a47d-8c48425ef4a7
Fagus orientalis,40.753109,44.933364,2023-09-22T16:48:02,2023,HUMAN_OBSERVATION,4.0,4421152940,50c9509d-22c7-4a22-a47d-8c48425ef4a7
Fagus orientalis,40.753183,44.933665,2023-09-22T17:01:03,2023,HUMAN_OBSERVATION,4.0,4421153633,50c9509d-22c7-4a22-a47d-8c48425ef4a7
Fagus orientalis,40.753342,44.93407,2023-09-22T16:40:05,2023,HUMAN_OBSERVATION,4.0,4421195679,50c9509d-22c7-4a22-a47d-8c48425ef4a7
Fagus orientalis,40.752955,44.933227,2023-09-22T16:45:02,2023,HUMAN_OBSERVATION,4.0,4421196483,50c9509d-22c7-4a22-a47d-8c48425ef4a7
Fagus orientalis,40.738414,44.990904,2023-09-30T13:11,2023,HUMAN_OBSERVATION,1953.0,6178422140,50c9509d-22c7-4a22-a47d-8c48425ef4a7
Fagus orientalis,40.655899,45.014836,2022-08-27T15:08,2022,HUMAN_OBSERVATION,4.0,3994210832,50c9509d-22c7-4a22-a47d-8c48425ef4a7
Fagus orientalis,40.870931,44.996917,2020-05-18T10:04:56,2020,HUMAN_OBSERVATION,,2641398512,50c9509d-22c7-4a22-a47d-8c48425ef4a7
Fagus orientalis,40.7,44.66,2017-06-23,2017,HUMAN_OBSERVATION,1000.0,3725069849,8a863029-f435-446a-821e-275f4f641165
Fagus orientalis,40.752134,44.961183,2015-05-03,2015,HUMAN_OBSERVATION,1000.0,2573684779,bafa5083-8081-42f8-9201-04c511f45098
Fagus orientalis,40.720282,45.014129,2015-05-11T13:30,2015,HUMAN_OBSERVATION,293.0,4014985692,50c9509d-22c7-4a22-a47d-8c48425ef4a7
Fagus orientalis,40.747494,44.971391,2014-09-11T14:17,2014,HUMAN_OBSERVATION,1000.0,3858898351,50c9509d-22c7-4a22-a47d-8c48425ef4a7
Fagus orientalis,40.744237,44.972293,2014-09-11T15:01,2014,HUMAN_OBSERVATION,1000.0,3859553307,50c9509d-22c7-4a22-a47d-8c48425ef4a7
Fagus orientalis,40.950233,44.68608,2010-07-24T07:48,2010,HUMAN_OBSERVATION,122.0,5759760077,50c9509d-22c7-4a22-a47d-8c48425ef4a7
Fagus orientalis,41.12361,44.92167,2008-06-25,2008,PRESERVED_SPECIMEN,,1230748418,7f5260c2-f762-11e1-a439-00145eb45e9a
Fagus orientalis,40.684949,44.826444,2008-06-17T07:30,2008,HUMAN_OBSERVATION,1328.0,5761157850,50c9509d-22c7-4a22-a47d-8c48425ef4a7
Fagus orientalis,40.87639,45.26917,2005-05-06,2005,PRESERVED_SPECIMEN,,1230739588,7f5260c2-f762-11e1-a439-00145eb45e9a
Fagus orientalis,41.13861,44.99611,2005-05-07,2005,PRESERVED_SPECIMEN,,1230739645,7f5260c2-f762-11e1-a439-00145eb45e9a
Fagus orientalis,41.1386,44.9961,2005-05-07,2005,PRESERVED_SPECIMEN,,1936201992,834c9918-f762-11e1-a439-00145eb45e9a
Fagus orientalis,40.8,44.88,2005-06-21,2005,PRESERVED_SPECIMEN,100.0,895192751,834a4794-f762-11e1-a439-00145eb45e9a
Fagus orientalis,40.804722,44.893056,2005-06-21,2005,PRESERVED_SPECIMEN,,1936660248,834c9918-f762-11e1-a439-00145eb45e9a
Fagus orientalis,40.725,45.11639,2005-08-14,2005,PRESERVED_SPECIMEN,,1230739256,7f5260c2-f762-11e1-a439-00145eb45e9a
Fagus orientalis,40.70861,44.66389,2005-08-15,2005,PRESERVED_SPECIMEN,,1230739620,7f5260c2-f762-11e1-a439-00145eb45e9a
Fagus orientalis,40.77,44.83,2003-06-22,2003,PRESERVED_SPECIMEN,,1930787547,d415c253-4d61-4459-9d25-4015b9084fb0
Fagus orientalis,40.766667,44.833333,2003-06-22,2003,PRESERVED_SPECIMEN,,1986952007,7827f68d-c981-4023-bace-288a03434044
Fagus orientalis,40.77,44.83,2002-06-13,2002,PRESERVED_SPECIMEN,,2521419278,838475f4-f762-11e1-a439-00145eb45e9a
Fagus orientalis,40.76667,44.83333,2002-06-13,2002,PRESERVED_SPECIMEN,,5029325017,85714c48-f762-11e1-a439-00145eb45e9a
Fagus orientalis,40.66126,45.00661,2002-09-07,2002,PRESERVED_SPECIMEN,,4064848525,fcab85b5-5341-41b3-aa59-24432ea805b2
Fagus orientalis,40.92598,44.43595,2002-09-13,2002,PRESERVED_SPECIMEN,,4064848599,fcab85b5-5341-41b3-aa59-24432ea805b2
Fagus orientalis,40.0,45.0,1980-10-30,1980,PRESERVED_SPECIMEN,,442114249,858e7462-f762-11e1-a439-00145eb45e9a
Fagus orientalis,40.748818,44.870911,1929-07-15,1929,PRESERVED_SPECIMEN,2000.0,1697778006,902c8fe7-8f38-45b0-854e-c324fed36303
Fagus orientalis,40.748818,44.870911,1929-07-15,1929,PRESERVED_SPECIMEN,,1697778017,902c8fe7-8f38-45b0-854e-c324fed36303
Fagus orientalis,40.799999,44.880001,,,PRESERVED_SPECIMEN,,895350754,834b7330-f762-11e1-a439-00145eb45e9a
Carpinus betulus,40.530312,44.712905,2026-06-08T15:28:48,2026,HUMAN_OBSERVATION,4.0,6441791606,50c9509d-22c7-4a22-a47d-8c48425ef4a7
Carpinus betulus,39.512891,46.343409,2025-05-10T12:36:14,2025,HUMAN_OBSERVATION,16154.0,5154771935,50c9509d-22c7-4a22-a47d-8c48425ef4a7
Carpinus betulus,40.801159,45.021099,2025-08-20T18:07:50,2025,HUMAN_OBSERVATION,,6179002590,50c9509d-22c7-4a22-a47d-8c48425ef4a7
Carpinus betulus,40.799957,44.909054,2025-08-19T17:00:31,2025,HUMAN_OBSERVATION,,6185116177,50c9509d-22c7-4a22-a47d-8c48425ef4a7
Carpinus betulus,40.757317,44.803013,2024-10-11T08:02:38,2024,HUMAN_OBSERVATION,,6179531869,50c9509d-22c7-4a22-a47d-8c48425ef4a7
Carpinus betulus,40.803872,44.892958,2023-06-22T17:21:48,2023,HUMAN_OBSERVATION,12.0,4145432473,50c9509d-22c7-4a22-a47d-8c48425ef4a7
Carpinus betulus,40.743653,44.979295,2023-07-22T09:14:51,2023,HUMAN_OBSERVATION,3.0,6178923993,50c9509d-22c7-4a22-a47d-8c48425ef4a7
Carpinus betulus,40.759772,44.852046,2023-09-22T11:19:59,2023,HUMAN_OBSERVATION,9.0,4420844745,50c9509d-22c7-4a22-a47d-8c48425ef4a7
Carpinus betulus,40.760407,44.852197,2023-09-22T11:30:28,2023,HUMAN_OBSERVATION,4.0,4420897731,50c9509d-22c7-4a22-a47d-8c48425ef4a7
Carpinus betulus,40.749006,44.96014,2023-09-22T16:05:01,2023,HUMAN_OBSERVATION,4.0,4420926855,50c9509d-22c7-4a22-a47d-8c48425ef4a7
Carpinus betulus,40.750782,44.96033,2023-09-22T15:31:25,2023,HUMAN_OBSERVATION,4.0,4421081903,50c9509d-22c7-4a22-a47d-8c48425ef4a7
Carpinus betulus,40.760303,44.852191,2023-09-22T11:27:47,2023,HUMAN_OBSERVATION,4.0,4421125881,50c9509d-22c7-4a22-a47d-8c48425ef4a7
Carpinus betulus,40.756111,44.851342,2023-09-22T09:03:27,2023,HUMAN_OBSERVATION,8.0,4421169957,50c9509d-22c7-4a22-a47d-8c48425ef4a7
Carpinus betulus,40.753274,44.933505,2023-09-22T16:39:34,2023,HUMAN_OBSERVATION,8.0,4421225908,50c9509d-22c7-4a22-a47d-8c48425ef4a7
Carpinus betulus,40.760835,44.85239,2023-09-22T11:48:38,2023,HUMAN_OBSERVATION,4.0,6178493787,50c9509d-22c7-4a22-a47d-8c48425ef4a7
Carpinus betulus,40.752731,44.931886,2023-09-22T16:53:56,2023,HUMAN_OBSERVATION,4.0,6178813937,50c9509d-22c7-4a22-a47d-8c48425ef4a7
Carpinus betulus,40.756159,44.851463,2023-09-22T09:01:01,2023,HUMAN_OBSERVATION,8.0,6179303910,50c9509d-22c7-4a22-a47d-8c48425ef4a7
Carpinus betulus,40.761343,44.852642,2023-09-22T12:05:24,2023,HUMAN_OBSERVATION,4.0,6179446045,50c9509d-22c7-4a22-a47d-8c48425ef4a7
Carpinus betulus,40.738414,44.990904,2023-09-30T13:17,2023,HUMAN_OBSERVATION,1953.0,6179527037,50c9509d-22c7-4a22-a47d-8c48425ef4a7
Carpinus betulus,40.8031,44.892447,2022-05-03T09:56:16,2022,HUMAN_OBSERVATION,5.0,3773505050,50c9509d-22c7-4a22-a47d-8c48425ef4a7
Carpinus betulus,40.802845,44.892588,2022-05-03T09:48:37,2022,HUMAN_OBSERVATION,8.0,6178311147,50c9509d-22c7-4a22-a47d-8c48425ef4a7
Carpinus betulus,40.803263,44.8921,2022-05-03T09:53:54,2022,HUMAN_OBSERVATION,445.0,6178782724,50c9509d-22c7-4a22-a47d-8c48425ef4a7
Carpinus betulus,41.043189,44.361453,2022-11-09T15:12:08,2022,HUMAN_OBSERVATION,,6178694578,50c9509d-22c7-4a22-a47d-8c48425ef4a7
Carpinus betulus,39.191389,46.2375,2021-01-08,2021,HUMAN_OBSERVATION,,4951953283,da71e98b-ca4a-4f9f-a8a1-87ea58fd449b
Carpinus betulus,39.191389,46.2375,2021-06-19,2021,HUMAN_OBSERVATION,,4951951874,da71e98b-ca4a-4f9f-a8a1-87ea58fd449b
Carpinus betulus,39.191389,46.2375,2021-06-19,2021,HUMAN_OBSERVATION,,4951953591,da71e98b-ca4a-4f9f-a8a1-87ea58fd449b
Carpinus betulus,39.191389,46.2375,2021-11-27,2021,HUMAN_OBSERVATION,,4951952305,da71e98b-ca4a-4f9f-a8a1-87ea58fd449b
Carpinus betulus,40.959153,44.694613,2020-06-26T10:00:03.614Z,2020,HUMAN_OBSERVATION,,2974382692,7a3679ef-5582-4aaa-81f0-8c2545cafc81
Carpinus betulus,38.965569,46.396946,2019-04-18T14:46:09,2019,HUMAN_OBSERVATION,,2265785948,50c9509d-22c7-4a22-a47d-8c48425ef4a7
Carpinus betulus,39.4825,46.33639,2018-06-09,2018,PRESERVED_SPECIMEN,,2572251729,85714c48-f762-11e1-a439-00145eb45e9a
Carpinus betulus,39.4825,46.33639,2018-06-09,2018,PRESERVED_SPECIMEN,,2572251765,85714c48-f762-11e1-a439-00145eb45e9a
Carpinus betulus,39.4825,46.33639,2018-06-09,2018,PRESERVED_SPECIMEN,50.0,2611604760,7f5260c2-f762-11e1-a439-00145eb45e9a
Carpinus betulus,40.915739,44.44055,2018-07-07,2018,HUMAN_OBSERVATION,10.0,2992825345,50c9509d-22c7-4a22-a47d-8c48425ef4a7
Carpinus betulus,40.755581,44.94627,2015-06-04T00:00,2015,HUMAN_OBSERVATION,250.0,5026592995,6ac3f774-d9fb-4796-b3e9-92bf6c81c084
Carpinus betulus,40.75528,44.94528,2015-07-06,2015,PRESERVED_SPECIMEN,,1831518722,7f5260c2-f762-11e1-a439-00145eb45e9a
Carpinus betulus,40.91611,45.07861,2008-06-22,2008,PRESERVED_SPECIMEN,,1230533406,7f5260c2-f762-11e1-a439-00145eb45e9a
Carpinus betulus,41.00611,44.28861,2007-06-20,2007,PRESERVED_SPECIMEN,,1230533397,7f5260c2-f762-11e1-a439-00145eb45e9a
Carpinus betulus,40.92056,45.35806,2006-05-31,2006,PRESERVED_SPECIMEN,,1230535245,7f5260c2-f762-11e1-a439-00145eb45e9a
Carpinus betulus,40.87639,45.26917,2005-05-06,2005,PRESERVED_SPECIMEN,,1230531593,7f5260c2-f762-11e1-a439-00145eb45e9a
Carpinus betulus,39.33861,46.39667,2005-08-22,2005,PRESERVED_SPECIMEN,,1230529036,7f5260c2-f762-11e1-a439-00145eb45e9a
Carpinus betulus,40.8025,44.88444,2005-08-13,2005,PRESERVED_SPECIMEN,,1230529244,7f5260c2-f762-11e1-a439-00145eb45e9a
Carpinus betulus,40.725,45.11639,2005-08-14,2005,PRESERVED_SPECIMEN,,1230529324,7f5260c2-f762-11e1-a439-00145eb45e9a
Carpinus betulus,39.3386,46.3967,2005-08-22,2005,PRESERVED_SPECIMEN,,1936695086,834c9918-f762-11e1-a439-00145eb45e9a
Carpinus betulus,40.97861,44.4075,2005-09-03,2005,PRESERVED_SPECIMEN,,1230529368,7f5260c2-f762-11e1-a439-00145eb45e9a
Carpinus betulus,39.29833,46.4125,2004-06-21,2004,PRESERVED_SPECIMEN,,1230528080,7f5260c2-f762-11e1-a439-00145eb45e9a
Carpinus betulus,39.29833,46.4125,2004-06-21,2004,PRESERVED_SPECIMEN,,1230528104,7f5260c2-f762-11e1-a439-00145eb45e9a
Carpinus betulus,40.78417,44.91917,2004-06-04,2004,PRESERVED_SPECIMEN,,1230528239,7f5260c2-f762-11e1-a439-00145eb45e9a
Carpinus betulus,40.92056,44.44,2003-07-01,2003,PRESERVED_SPECIMEN,,1230526618,7f5260c2-f762-11e1-a439-00145eb45e9a
Carpinus betulus,39.38472,46.33778,2003-07-07,2003,PRESERVED_SPECIMEN,,1230527589,7f5260c2-f762-11e1-a439-00145eb45e9a
Carpinus betulus,39.33333,46.38333,2003-07-05,2003,PRESERVED_SPECIMEN,,1230528348,7f5260c2-f762-11e1-a439-00145eb45e9a
Carpinus betulus,40.48333,44.6,2002-06-28,2002,PRESERVED_SPECIMEN,,893460580,85714c48-f762-11e1-a439-00145eb45e9a
Carpinus betulus,40.48,44.6,2002-06-28,2002,PRESERVED_SPECIMEN,,2521394884,838475f4-f762-11e1-a439-00145eb45e9a
Carpinus betulus,40.48333,44.6,2002-06-28,2002,PRESERVED_SPECIMEN,,2598722425,7f5260c2-f762-11e1-a439-00145eb45e9a
Carpinus betulus,40.92916,44.43883,2002-09-13,2002,PRESERVED_SPECIMEN,,4064848596,fcab85b5-5341-41b3-aa59-24432ea805b2
Carpinus betulus,40.0,45.0,1981-09-19,1981,PRESERVED_SPECIMEN,,442113101,858e7462-f762-11e1-a439-00145eb45e9a
Carpinus betulus,40.53271,44.75686,1979-10-20,1979,PRESERVED_SPECIMEN,,1148612147,46239994-a621-4d41-9556-e53e0e9bed63
Carpinus betulus,40.18333,44.51317,1969-08,1969,PRESERVED_SPECIMEN,10000.0,4875768574,4445d915-9ee0-433b-a0f2-f7e1a29b5d73
Carpinus betulus,40.741784,44.872034,1940-07-03,1940,PRESERVED_SPECIMEN,,1697777385,902c8fe7-8f38-45b0-854e-c324fed36303
Carpinus betulus,38.9575,46.16083,1934-06-05,1934,PRESERVED_SPECIMEN,500.0,6176599690,54f946aa-2ca9-4a51-9ee5-011219e0381e
Carpinus betulus,38.9937,46.1538,1932-08-06,1932,PRESERVED_SPECIMEN,,1697777321,902c8fe7-8f38-45b0-854e-c324fed36303
Carpinus betulus,38.998988,46.303257,1932-08-08,1932,PRESERVED_SPECIMEN,,1697777343,902c8fe7-8f38-45b0-854e-c324fed36303
Carpinus betulus,38.973917,46.46805,1932-08-17,1932,PRESERVED_SPECIMEN,,1697777353,902c8fe7-8f38-45b0-854e-c324fed36303
Carpinus betulus,38.998988,46.303257,1932-08-08,1932,PRESERVED_SPECIMEN,,1697777362,902c8fe7-8f38-45b0-854e-c324fed36303
Carpinus betulus,38.9937,46.1538,1932-08-06,1932,PRESERVED_SPECIMEN,,1697777381,902c8fe7-8f38-45b0-854e-c324fed36303
Carpinus betulus,38.9937,46.1538,1932-08-06,1932,PRESERVED_SPECIMEN,,1697813382,902c8fe7-8f38-45b0-854e-c324fed36303
Carpinus betulus,40.532681,44.716868,1929-06-18,1929,PRESERVED_SPECIMEN,5000.0,1697777314,902c8fe7-8f38-45b0-854e-c324fed36303
Carpinus betulus,40.532681,44.716868,1929-06-18,1929,PRESERVED_SPECIMEN,5000.0,1697777326,902c8fe7-8f38-45b0-854e-c324fed36303
Carpinus betulus,40.799999,44.880001,,,PRESERVED_SPECIMEN,,895355827,834b7330-f762-11e1-a439-00145eb45e9a
Carpinus betulus,40.968952,44.490014,,,PRESERVED_SPECIMEN,,3970891312,6cb64442-84fe-4f9f-be21-0ab7ff7cd06c
Quercus macranthera,39.997666,44.907657,2025-02-13T14:28:55,2025,HUMAN_OBSERVATION,3.0,5897096693,50c9509d-22c7-4a22-a47d-8c48425ef4a7
Quercus macranthera,39.397427,46.279364,2025-05-27T11:42:09,2025,HUMAN_OBSERVATION,3.0,5897746506,50c9509d-22c7-4a22-a47d-8c48425ef4a7
Quercus macranthera,39.24834,46.466932,2025-09-10T15:19:30,2025,HUMAN_OBSERVATION,3.0,5897203338,50c9509d-22c7-4a22-a47d-8c48425ef4a7
Quercus macranthera,40.747306,44.858141,2023-09-21T16:12:23,2023,HUMAN_OBSERVATION,4.0,4416907934,50c9509d-22c7-4a22-a47d-8c48425ef4a7
Quercus macranthera,40.752742,44.931763,2023-09-22T16:51:23,2023,HUMAN_OBSERVATION,6.0,4416908788,50c9509d-22c7-4a22-a47d-8c48425ef4a7
Quercus macranthera,40.748995,44.856156,2023-09-21T16:24:13,2023,HUMAN_OBSERVATION,4.0,4416935684,50c9509d-22c7-4a22-a47d-8c48425ef4a7
Quercus macranthera,40.761603,44.852807,2023-09-22T12:13:06,2023,HUMAN_OBSERVATION,4.0,4522588009,50c9509d-22c7-4a22-a47d-8c48425ef4a7
Quercus macranthera,40.212287,44.559383,2023-09-21T12:24:35,2023,HUMAN_OBSERVATION,4.0,5897165135,50c9509d-22c7-4a22-a47d-8c48425ef4a7
Quercus macranthera,40.002055,44.909448,2022-08-26T12:56,2022,HUMAN_OBSERVATION,4.0,3994280625,50c9509d-22c7-4a22-a47d-8c48425ef4a7
Quercus macranthera,40.666094,45.009262,2022-08-27T16:12,2022,HUMAN_OBSERVATION,4.0,3994349856,50c9509d-22c7-4a22-a47d-8c48425ef4a7
Quercus macranthera,40.184673,44.617611,2022-10-26T12:19:11,2022,HUMAN_OBSERVATION,6.0,5897369886,50c9509d-22c7-4a22-a47d-8c48425ef4a7
Quercus macranthera,40.184608,44.617682,2022-10-26T12:19:44,2022,HUMAN_OBSERVATION,4.0,5897533157,50c9509d-22c7-4a22-a47d-8c48425ef4a7
Quercus macranthera,40.796179,44.900492,2022-11-05T14:24:03,2022,HUMAN_OBSERVATION,15967.0,3985658936,50c9509d-22c7-4a22-a47d-8c48425ef4a7
Quercus macranthera,39.191389,46.2375,2021-01-08,2021,HUMAN_OBSERVATION,,4951953276,da71e98b-ca4a-4f9f-a8a1-87ea58fd449b
Quercus macranthera,39.264444,46.13,2021-01-08,2021,HUMAN_OBSERVATION,,4951954565,da71e98b-ca4a-4f9f-a8a1-87ea58fd449b
Quercus macranthera,39.234722,46.148056,2021-01-08,2021,HUMAN_OBSERVATION,,4951954572,da71e98b-ca4a-4f9f-a8a1-87ea58fd449b
Quercus macranthera,39.498056,46.116389,2021-06-18,2021,HUMAN_OBSERVATION,,4951951313,da71e98b-ca4a-4f9f-a8a1-87ea58fd449b
Quercus macranthera,39.234722,46.148056,2021-06-19,2021,HUMAN_OBSERVATION,,4951951361,da71e98b-ca4a-4f9f-a8a1-87ea58fd449b
Quercus macranthera,39.498056,46.116389,2021-06-18,2021,HUMAN_OBSERVATION,,4951951700,da71e98b-ca4a-4f9f-a8a1-87ea58fd449b
Quercus macranthera,39.405833,46.130833,2021-06-18,2021,HUMAN_OBSERVATION,,4951951980,da71e98b-ca4a-4f9f-a8a1-87ea58fd449b
Quercus macranthera,39.370556,46.138056,2021-06-18,2021,HUMAN_OBSERVATION,,4951952161,da71e98b-ca4a-4f9f-a8a1-87ea58fd449b
Quercus macranthera,39.405833,46.130833,2021-06-18,2021,HUMAN_OBSERVATION,,4951952219,da71e98b-ca4a-4f9f-a8a1-87ea58fd449b
Quercus macranthera,39.311944,46.138056,2021-06-19,2021,HUMAN_OBSERVATION,,4951952529,da71e98b-ca4a-4f9f-a8a1-87ea58fd449b
Quercus macranthera,39.264444,46.13,2021-06-19,2021,HUMAN_OBSERVATION,,4951952876,da71e98b-ca4a-4f9f-a8a1-87ea58fd449b
Quercus macranthera,39.191389,46.2375,2021-06-19,2021,HUMAN_OBSERVATION,,4951953634,da71e98b-ca4a-4f9f-a8a1-87ea58fd449b
Quercus macranthera,39.191389,46.2375,2021-06-19,2021,HUMAN_OBSERVATION,,4951954136,da71e98b-ca4a-4f9f-a8a1-87ea58fd449b
Quercus macranthera,39.370556,46.138056,2021-06-18,2021,HUMAN_OBSERVATION,,4951954327,da71e98b-ca4a-4f9f-a8a1-87ea58fd449b
Quercus macranthera,39.311944,46.138056,2021-06-19,2021,HUMAN_OBSERVATION,,4951954389,da71e98b-ca4a-4f9f-a8a1-87ea58fd449b
Quercus macranthera,39.264444,46.13,2021-06-19,2021,HUMAN_OBSERVATION,,4951954466,da71e98b-ca4a-4f9f-a8a1-87ea58fd449b
Quercus macranthera,39.234722,46.148056,2021-06-19,2021,HUMAN_OBSERVATION,,4951954667,da71e98b-ca4a-4f9f-a8a1-87ea58fd449b
Quercus macranthera,39.498056,46.116389,2021-07-30,2021,HUMAN_OBSERVATION,,4951954148,da71e98b-ca4a-4f9f-a8a1-87ea58fd449b
Quercus macranthera,39.405833,46.130833,2021-07-30,2021,HUMAN_OBSERVATION,,4951954234,da71e98b-ca4a-4f9f-a8a1-87ea58fd449b
Quercus macranthera,39.370556,46.138056,2021-07-31,2021,HUMAN_OBSERVATION,,4951954266,da71e98b-ca4a-4f9f-a8a1-87ea58fd449b
Quercus macranthera,39.311944,46.138056,2021-07-31,2021,HUMAN_OBSERVATION,,4951954540,da71e98b-ca4a-4f9f-a8a1-87ea58fd449b
Quercus macranthera,39.191389,46.2375,2021-11-27,2021,HUMAN_OBSERVATION,,4951952352,da71e98b-ca4a-4f9f-a8a1-87ea58fd449b
Quercus macranthera,39.498056,46.116389,2021-11-29,2021,HUMAN_OBSERVATION,,4951953706,da71e98b-ca4a-4f9f-a8a1-87ea58fd449b
Quercus macranthera,39.405833,46.130833,2021-11-30,2021,HUMAN_OBSERVATION,,4951953785,da71e98b-ca4a-4f9f-a8a1-87ea58fd449b
Quercus macranthera,39.311944,46.138056,2021-11-26,2021,HUMAN_OBSERVATION,,4951953809,da71e98b-ca4a-4f9f-a8a1-87ea58fd449b
Quercus macranthera,39.370556,46.138056,2021-11-30,2021,HUMAN_OBSERVATION,,4951953829,da71e98b-ca4a-4f9f-a8a1-87ea58fd449b
Quercus macranthera,39.253333,46.137778,2021-11-26,2021,HUMAN_OBSERVATION,,4951953844,da71e98b-ca4a-4f9f-a8a1-87ea58fd449b
Quercus macranthera,40.38778,44.29417,2018-06-03,2018,PRESERVED_SPECIMEN,,2572251750,85714c48-f762-11e1-a439-00145eb45e9a
Quercus macranthera,40.38778,44.29417,2018-06-03,2018,PRESERVED_SPECIMEN,,2572251778,85714c48-f762-11e1-a439-00145eb45e9a
Quercus macranthera,40.38778,44.29417,2018-06-03,2018,PRESERVED_SPECIMEN,20.0,2611614743,7f5260c2-f762-11e1-a439-00145eb45e9a
Quercus macranthera,39.028463,46.360417,2016-06-17,2016,HUMAN_OBSERVATION,,2013763461,50c9509d-22c7-4a22-a47d-8c48425ef4a7
Quercus macranthera,39.0083,46.3864,2016-06-17,2016,HUMAN_OBSERVATION,5.0,2992695346,50c9509d-22c7-4a22-a47d-8c48425ef4a7
Quercus macranthera,40.5348,44.6844,2016-06-12,2016,HUMAN_OBSERVATION,5.0,2992830335,50c9509d-22c7-4a22-a47d-8c48425ef4a7
Quercus macranthera,39.65167,45.60556,2009-06-18,2009,PRESERVED_SPECIMEN,,1231064336,7f5260c2-f762-11e1-a439-00145eb45e9a
Quercus macranthera,39.65167,45.60556,2009-06-18,2009,PRESERVED_SPECIMEN,,1231064337,7f5260c2-f762-11e1-a439-00145eb45e9a
Quercus macranthera,39.65167,45.60556,2009-06-18,2009,PRESERVED_SPECIMEN,,1231064521,7f5260c2-f762-11e1-a439-00145eb45e9a
Quercus macranthera,41.12361,44.92167,2008-06-25,2008,PRESERVED_SPECIMEN,,1231064500,7f5260c2-f762-11e1-a439-00145eb45e9a
Quercus macranthera,40.84056,45.30417,2006-05-28,2006,PRESERVED_SPECIMEN,,1231064483,7f5260c2-f762-11e1-a439-00145eb45e9a
Quercus macranthera,40.48556,44.52667,2006-06-07,2006,PRESERVED_SPECIMEN,,1231064319,7f5260c2-f762-11e1-a439-00145eb45e9a
Quercus macranthera,38.97583,46.37028,2005-04-30,2005,PRESERVED_SPECIMEN,,1231064290,7f5260c2-f762-11e1-a439-00145eb45e9a
Quercus macranthera,38.93583,46.17667,2005-05-01,2005,PRESERVED_SPECIMEN,,1231064353,7f5260c2-f762-11e1-a439-00145eb45e9a
Quercus macranthera,41.13861,44.99611,2005-05-07,2005,PRESERVED_SPECIMEN,,1231064553,7f5260c2-f762-11e1-a439-00145eb45e9a
Quercus macranthera,40.38,45.53,2005-06-20,2005,PRESERVED_SPECIMEN,100.0,895191869,834a4794-f762-11e1-a439-00145eb45e9a
Quercus macranthera,39.05,46.18,2005-06-27,2005,PRESERVED_SPECIMEN,100.0,895193008,834a4794-f762-11e1-a439-00145eb45e9a
Quercus macranthera,39.78,45.53,2005-06-24,2005,PRESERVED_SPECIMEN,100.0,895193630,834a4794-f762-11e1-a439-00145eb45e9a
Quercus macranthera,40.39333,45.54361,2005-06-20,2005,PRESERVED_SPECIMEN,,1231064538,7f5260c2-f762-11e1-a439-00145eb45e9a
Quercus macranthera,40.5356,44.6839,2005-06-22,2005,PRESERVED_SPECIMEN,,1936659018,834c9918-f762-11e1-a439-00145eb45e9a
Quercus macranthera,40.393333,45.543611,2005-06-20,2005,PRESERVED_SPECIMEN,,1936660050,834c9918-f762-11e1-a439-00145eb45e9a
Quercus macranthera,39.060556,46.188333,2005-06-27,2005,PRESERVED_SPECIMEN,,1936660858,834c9918-f762-11e1-a439-00145eb45e9a
Quercus macranthera,39.785833,45.5375,2005-06-24,2005,PRESERVED_SPECIMEN,,1936661506,834c9918-f762-11e1-a439-00145eb45e9a
Quercus macranthera,39.33861,46.39667,2005-08-22,2005,PRESERVED_SPECIMEN,,1231064284,7f5260c2-f762-11e1-a439-00145eb45e9a
Quercus macranthera,40.8025,44.88444,2005-08-13,2005,PRESERVED_SPECIMEN,,1231064294,7f5260c2-f762-11e1-a439-00145eb45e9a
Quercus macranthera,40.97806,44.39889,2005-09-03,2005,PRESERVED_SPECIMEN,,1231064463,7f5260c2-f762-11e1-a439-00145eb45e9a
Quercus macranthera,39.28222,46.48306,2004-06-20,2004,PRESERVED_SPECIMEN,,1231064497,7f5260c2-f762-11e1-a439-00145eb45e9a
Quercus macranthera,39.33333,46.38333,2003-07-05,2003,PRESERVED_SPECIMEN,,1231064331,7f5260c2-f762-11e1-a439-00145eb45e9a
Quercus macranthera,40.6,45.05,2002-06-15,2002,PRESERVED_SPECIMEN,,893485275,85714c48-f762-11e1-a439-00145eb45e9a
Quercus macranthera,40.68333,44.86667,2002-06-13,2002,PRESERVED_SPECIMEN,,893485276,85714c48-f762-11e1-a439-00145eb45e9a
Quercus macranthera,39.85,45.7,2002-06-25,2002,PRESERVED_SPECIMEN,,893485279,85714c48-f762-11e1-a439-00145eb45e9a
Quercus macranthera,40.752033,44.471183,2002-09-12,2002,PRESERVED_SPECIMEN,,4064840370,fcab85b5-5341-41b3-aa59-24432ea805b2
Quercus macranthera,39.0625,46.1863,2002-09-02,2002,PRESERVED_SPECIMEN,,4064840372,fcab85b5-5341-41b3-aa59-24432ea805b2
Quercus macranthera,39.416687,46.341675,2001,2001,FOSSIL_SPECIMEN,1189.0,1039359695,9642d0e6-f762-11e1-a439-00145eb45e9a
Quercus macranthera,39.416687,46.341675,2001,2001,FOSSIL_SPECIMEN,1189.0,1039370285,9642d0e6-f762-11e1-a439-00145eb45e9a
Quercus macranthera,40.0,45.0,1982-10-02,1982,PRESERVED_SPECIMEN,,442115455,858e7462-f762-11e1-a439-00145eb45e9a
Quercus macranthera,38.950064,46.175194,1977-07-05,1977,PRESERVED_SPECIMEN,,1697778455,902c8fe7-8f38-45b0-854e-c324fed36303
Quercus macranthera,40.521486,44.2027,1974-10-10,1974,PRESERVED_SPECIMEN,13646.0,4977302358,7c5e863f-3f70-4933-b05d-fc57c66dd3f3
Quercus macranthera,41.014264,44.384549,1972-06-23,1972,PRESERVED_SPECIMEN,5000.0,5887639521,8310f570-f762-11e1-a439-00145eb45e9a
Quercus macranthera,39.698023,45.567975,1972-07-22,1972,PRESERVED_SPECIMEN,,5888741316,902c8fe7-8f38-45b0-854e-c324fed36303
Quercus macranthera,38.998306,46.205749,1967-05-14,1967,PRESERVED_SPECIMEN,,5888739969,902c8fe7-8f38-45b0-854e-c324fed36303
Quercus macranthera,39.666667,45.666667,1961-08-23,1961,PRESERVED_SPECIMEN,,1697778354,902c8fe7-8f38-45b0-854e-c324fed36303
Quercus macranthera,40.211196,44.556529,1959-06-12,1959,PRESERVED_SPECIMEN,1000.0,1697778434,902c8fe7-8f38-45b0-854e-c324fed36303
Quercus macranthera,39.836338,45.672354,1959-08-15,1959,PRESERVED_SPECIMEN,,6187397354,902c8fe7-8f38-45b0-854e-c324fed36303
Quercus macranthera,39.838924,45.672225,1958-09-28,1958,PRESERVED_SPECIMEN,2500.0,1697778366,902c8fe7-8f38-45b0-854e-c324fed36303
Quercus macranthera,39.838924,45.672225,1958-09-28,1958,PRESERVED_SPECIMEN,2500.0,1697778376,902c8fe7-8f38-45b0-854e-c324fed36303
Quercus macranthera,39.838924,45.672225,1958-09-20,1958,PRESERVED_SPECIMEN,2500.0,2642861309,902c8fe7-8f38-45b0-854e-c324fed36303
Quercus macranthera,39.666667,45.666667,1957-09-12,1957,PRESERVED_SPECIMEN,,1697778413,902c8fe7-8f38-45b0-854e-c324fed36303
Quercus macranthera,39.666667,45.666667,1957-09-15,1957,PRESERVED_SPECIMEN,,2642858314,902c8fe7-8f38-45b0-854e-c324fed36303
Quercus macranthera,39.666667,45.666667,1957-09-19,1957,PRESERVED_SPECIMEN,,2642859316,902c8fe7-8f38-45b0-854e-c324fed36303
Quercus macranthera,40.378477,45.530392,1952-08-21,1952,PRESERVED_SPECIMEN,,1697778446,902c8fe7-8f38-45b0-854e-c324fed36303
Quercus macranthera,40.378477,45.530392,1952-08-21,1952,PRESERVED_SPECIMEN,,1697778458,902c8fe7-8f38-45b0-854e-c324fed36303
Quercus macranthera,39.838924,45.672225,1952-09-12,1952,PRESERVED_SPECIMEN,,2642854311,902c8fe7-8f38-45b0-854e-c324fed36303
Quercus macranthera,40.741784,44.872034,1940-07-03,1940,PRESERVED_SPECIMEN,,1697778476,902c8fe7-8f38-45b0-854e-c324fed36303
Quercus macranthera,40.741784,44.872034,1940-07-03,1940,PRESERVED_SPECIMEN,,1697778490,902c8fe7-8f38-45b0-854e-c324fed36303
Quercus macranthera,40.803935,44.487763,1938-08-29,1938,PRESERVED_SPECIMEN,5000.0,1697778386,902c8fe7-8f38-45b0-854e-c324fed36303
Quercus macranthera,40.803935,44.487763,1938-08-29,1938,PRESERVED_SPECIMEN,5000.0,1697778418,902c8fe7-8f38-45b0-854e-c324fed36303
Quercus macranthera,40.803935,44.487763,1938-08-29,1938,PRESERVED_SPECIMEN,5000.0,1697778421,902c8fe7-8f38-45b0-854e-c324fed36303
Quercus macranthera,40.803935,44.487763,1938-08-29,1938,PRESERVED_SPECIMEN,,1697778437,902c8fe7-8f38-45b0-854e-c324fed36303
Quercus macranthera,40.803935,44.487763,1938-08-29,1938,PRESERVED_SPECIMEN,5000.0,1697778438,902c8fe7-8f38-45b0-854e-c324fed36303
Quercus macranthera,40.803935,44.487763,1938-08-29,1938,PRESERVED_SPECIMEN,,1697778439,902c8fe7-8f38-45b0-854e-c324fed36303
Quercus macranthera,40.803935,44.487763,1938-08-29,1938,PRESERVED_SPECIMEN,5000.0,1697778444,902c8fe7-8f38-45b0-854e-c324fed36303
Quercus macranthera,38.937555,46.216993,1934-06-05,1934,PRESERVED_SPECIMEN,,1697778424,902c8fe7-8f38-45b0-854e-c324fed36303
Quercus macranthera,39.0576,46.261,1932-08-07,1932,PRESERVED_SPECIMEN,,1697778377,902c8fe7-8f38-45b0-854e-c324fed36303
Quercus macranthera,39.103223,46.219311,1932-08-20,1932,PRESERVED_SPECIMEN,,1697778387,902c8fe7-8f38-45b0-854e-c324fed36303
Quercus macranthera,38.9937,46.1538,1932-08-06,1932,PRESERVED_SPECIMEN,,1697778394,902c8fe7-8f38-45b0-854e-c324fed36303
Quercus macranthera,38.900186,46.183353,1932-08-02,1932,PRESERVED_SPECIMEN,,1697778403,902c8fe7-8f38-45b0-854e-c324fed36303
Quercus macranthera,39.0576,46.261,1932-08-07,1932,PRESERVED_SPECIMEN,,1697778415,902c8fe7-8f38-45b0-854e-c324fed36303
Quercus macranthera,38.973917,46.46805,1932-08-17,1932,PRESERVED_SPECIMEN,,1697778422,902c8fe7-8f38-45b0-854e-c324fed36303
Quercus macranthera,38.998988,46.303257,1932-08-08,1932,PRESERVED_SPECIMEN,,1697778433,902c8fe7-8f38-45b0-854e-c324fed36303
Quercus macranthera,39.83305,45.417864,1931-07-30,1931,PRESERVED_SPECIMEN,,1697778362,902c8fe7-8f38-45b0-854e-c324fed36303
Quercus macranthera,40.488314,44.347732,1931-07-24,1931,PRESERVED_SPECIMEN,,1697778412,902c8fe7-8f38-45b0-854e-c324fed36303
Quercus macranthera,39.8643,45.4268,1931-08-07,1931,PRESERVED_SPECIMEN,,1697778385,902c8fe7-8f38-45b0-854e-c324fed36303
Quercus macranthera,40.488314,44.347732,1931-08-06,1931,PRESERVED_SPECIMEN,,1697778401,902c8fe7-8f38-45b0-854e-c324fed36303
Quercus macranthera,40.532681,44.716868,1929-06-18,1929,PRESERVED_SPECIMEN,5000.0,1697778395,902c8fe7-8f38-45b0-854e-c324fed36303
Quercus macranthera,40.532681,44.716868,1929-06-17,1929,PRESERVED_SPECIMEN,5000.0,1697778416,902c8fe7-8f38-45b0-854e-c324fed36303
Quercus macranthera,38.950718,46.174464,1929-06-29,1929,PRESERVED_SPECIMEN,2000.0,1697778451,902c8fe7-8f38-45b0-854e-c324fed36303
Quercus macranthera,40.532681,44.716868,1929-06-17,1929,PRESERVED_SPECIMEN,,1697778502,902c8fe7-8f38-45b0-854e-c324fed36303
Quercus macranthera,40.748818,44.870911,1929-07-15,1929,PRESERVED_SPECIMEN,,1697778355,902c8fe7-8f38-45b0-854e-c324fed36303
Quercus macranthera,40.403201,44.448529,1928-07-12,1928,PRESERVED_SPECIMEN,,1697778457,902c8fe7-8f38-45b0-854e-c324fed36303
Quercus macranthera,40.6106,44.3622,1926-06-29,1926,PRESERVED_SPECIMEN,,1697778406,902c8fe7-8f38-45b0-854e-c324fed36303
Quercus macranthera,41.14833,44.76556,1888-08-20,1888,PRESERVED_SPECIMEN,,1638421281,fb8ae15d-e30c-44b4-8f61-0bb0c1d90ff9
Quercus macranthera,39.779999,45.529999,,,PRESERVED_SPECIMEN,,895350582,834b7330-f762-11e1-a439-00145eb45e9a
Quercus macranthera,40.178413,45.05491,,,MATERIAL_SAMPLE,,2250267061,040c5662-da76-4782-a48e-cdea1892d14c
Quercus iberica,40.751563,44.96156,2023-09-22T16:15:50,2023,HUMAN_OBSERVATION,6.0,4420841905,50c9509d-22c7-4a22-a47d-8c48425ef4a7
Quercus iberica,40.757548,44.851894,2023-09-22T10:21:51,2023,HUMAN_OBSERVATION,5.0,4420882574,50c9509d-22c7-4a22-a47d-8c48425ef4a7
Quercus iberica,39.191389,46.2375,2022-08-05,2022,HUMAN_OBSERVATION,,4951954137,da71e98b-ca4a-4f9f-a8a1-87ea58fd449b
Quercus iberica,38.95056,46.18889,2005-04-29,2005,PRESERVED_SPECIMEN,,1231064498,7f5260c2-f762-11e1-a439-00145eb45e9a
Quercus iberica,41.11417,44.83556,2005-05-08,2005,PRESERVED_SPECIMEN,,1231064317,7f5260c2-f762-11e1-a439-00145eb45e9a
Quercus iberica,39.05,46.52,2005-06-26,2005,PRESERVED_SPECIMEN,100.0,895193357,834a4794-f762-11e1-a439-00145eb45e9a
Quercus iberica,39.05,46.52,2005-06-26,2005,PRESERVED_SPECIMEN,100.0,895193380,834a4794-f762-11e1-a439-00145eb45e9a
Quercus iberica,39.06306,46.53278,2005-06-26,2005,PRESERVED_SPECIMEN,,1231064292,7f5260c2-f762-11e1-a439-00145eb45e9a
Quercus iberica,39.06306,46.53278,2005-06-26,2005,PRESERVED_SPECIMEN,,1231064298,7f5260c2-f762-11e1-a439-00145eb45e9a
Quercus iberica,39.0631,46.5328,2005-06-26,2005,PRESERVED_SPECIMEN,,1936660385,834c9918-f762-11e1-a439-00145eb45e9a
Quercus iberica,39.0631,46.5328,2005-06-26,2005,PRESERVED_SPECIMEN,,1936660734,834c9918-f762-11e1-a439-00145eb45e9a
Quercus iberica,39.38472,46.33778,2003-07-07,2003,PRESERVED_SPECIMEN,,1231064486,7f5260c2-f762-11e1-a439-00145eb45e9a
Quercus iberica,40.76667,44.83333,2002-06-13,2002,PRESERVED_SPECIMEN,,893485277,85714c48-f762-11e1-a439-00145eb45e9a
Quercus iberica,40.77,44.83,2002-06-13,2002,PRESERVED_SPECIMEN,,2521414553,838475f4-f762-11e1-a439-00145eb45e9a
Quercus iberica,40.0,45.0,1982-08-15,1982,PRESERVED_SPECIMEN,,442115459,858e7462-f762-11e1-a439-00145eb45e9a
Quercus iberica,39.031802,46.205577,1967-05-15,1967,PRESERVED_SPECIMEN,,5888737899,902c8fe7-8f38-45b0-854e-c324fed36303
Quercus iberica,39.031802,46.205577,1967-05-15,1967,PRESERVED_SPECIMEN,,5888737921,902c8fe7-8f38-45b0-854e-c324fed36303
Quercus iberica,39.8345,45.6777,1958-09-28,1958,PRESERVED_SPECIMEN,10000.0,1697778269,902c8fe7-8f38-45b0-854e-c324fed36303
Quercus iberica,39.8345,45.6777,1958-09-28,1958,PRESERVED_SPECIMEN,,1697778285,902c8fe7-8f38-45b0-854e-c324fed36303
Quercus iberica,40.946985,44.630953,1940-06-20,1940,PRESERVED_SPECIMEN,,1697778310,902c8fe7-8f38-45b0-854e-c324fed36303
Quercus iberica,38.918604,46.447377,1932-07-28,1932,PRESERVED_SPECIMEN,1000.0,1697778321,902c8fe7-8f38-45b0-854e-c324fed36303
Quercus iberica,38.918604,46.447377,1932-07-28,1932,PRESERVED_SPECIMEN,1000.0,1697778351,902c8fe7-8f38-45b0-854e-c324fed36303
Quercus iberica,38.9937,46.1538,1932-08-06,1932,PRESERVED_SPECIMEN,,1697778280,902c8fe7-8f38-45b0-854e-c324fed36303
Quercus iberica,39.0576,46.261,1932-08-07,1932,PRESERVED_SPECIMEN,,1697778281,902c8fe7-8f38-45b0-854e-c324fed36303
Quercus iberica,38.9937,46.1538,1932-08-06,1932,PRESERVED_SPECIMEN,,1697778283,902c8fe7-8f38-45b0-854e-c324fed36303
Quercus iberica,38.998988,46.303257,1932-08-08,1932,PRESERVED_SPECIMEN,,1697778290,902c8fe7-8f38-45b0-854e-c324fed36303
Quercus iberica,38.998988,46.303257,1932-08-08,1932,PRESERVED_SPECIMEN,,1697778316,902c8fe7-8f38-45b0-854e-c324fed36303
Quercus iberica,39.049999,46.52,,,PRESERVED_SPECIMEN,,895350444,834b7330-f762-11e1-a439-00145eb45e9a
Quercus iberica,39.049999,46.52,,,PRESERVED_SPECIMEN,,895350454,834b7330-f762-11e1-a439-00145eb45e9a
Quercus iberica,40.178413,45.05491,,,MATERIAL_SAMPLE,,2250268267,040c5662-da76-4782-a48e-cdea1892d14c
Quercus iberica,38.939733,46.198317,,,PRESERVED_SPECIMEN,,3046059206,966426ce-f762-11e1-a439-00145eb45e9a
Pinus kochiana,39.515231,46.42871,2014-09-10T09:19,2014,HUMAN_OBSERVATION,2000.0,3860335984,50c9509d-22c7-4a22-a47d-8c48425ef4a7
Pinus kochiana,40.633333,44.3,2005-08-24T00:00,2005,PRESERVED_SPECIMEN,,1020041860,cd6e21c8-9e8a-493a-8a76-fbf7862069e5
Pinus kochiana,40.7298,44.997591,1940-07-02,1940,PRESERVED_SPECIMEN,,1697759834,902c8fe7-8f38-45b0-854e-c324fed36303
Pinus kochiana,40.741784,44.872034,1940-07-03,1940,PRESERVED_SPECIMEN,,1697759844,902c8fe7-8f38-45b0-854e-c324fed36303
Pinus kochiana,40.7298,44.997591,1940-07-02,1940,PRESERVED_SPECIMEN,,1697759854,902c8fe7-8f38-45b0-854e-c324fed36303
Pinus kochiana,40.748818,44.870911,1929-07-15,1929,PRESERVED_SPECIMEN,,1697759888,902c8fe7-8f38-45b0-854e-c324fed36303
Pinus kochiana,40.748818,44.870911,1929-07-15,1929,PRESERVED_SPECIMEN,,1697759902,902c8fe7-8f38-45b0-854e-c324fed36303
Pinus kochiana,40.748818,44.870911,1929-07-15,1929,PRESERVED_SPECIMEN,,1697759912,902c8fe7-8f38-45b0-854e-c324fed36303
Juniperus polycarpos,39.998353,44.901727,2025-02-13T13:48:39,2025,HUMAN_OBSERVATION,3.0,5139987467,50c9509d-22c7-4a22-a47d-8c48425ef4a7
Juniperus polycarpos,40.181575,44.622528,2023-03-04T15:53:23,2023,HUMAN_OBSERVATION,4.0,5062634304,50c9509d-22c7-4a22-a47d-8c48425ef4a7
Juniperus polycarpos,40.07159,44.780074,2023-11-25T15:58,2023,HUMAN_OBSERVATION,31.0,5062699359,50c9509d-22c7-4a22-a47d-8c48425ef4a7
Juniperus polycarpos,39.234722,46.148056,2021-01-08,2021,HUMAN_OBSERVATION,,4951954595,da71e98b-ca4a-4f9f-a8a1-87ea58fd449b
Juniperus polycarpos,39.223056,46.203611,2021-01-08,2021,HUMAN_OBSERVATION,,4951954610,da71e98b-ca4a-4f9f-a8a1-87ea58fd449b
Juniperus polycarpos,39.223056,46.203611,2021-06-19,2021,HUMAN_OBSERVATION,,4951951409,da71e98b-ca4a-4f9f-a8a1-87ea58fd449b
Juniperus polycarpos,39.498056,46.116389,2021-06-18,2021,HUMAN_OBSERVATION,,4951951626,da71e98b-ca4a-4f9f-a8a1-87ea58fd449b
Juniperus polycarpos,39.405833,46.130833,2021-06-18,2021,HUMAN_OBSERVATION,,4951951681,da71e98b-ca4a-4f9f-a8a1-87ea58fd449b
Juniperus polycarpos,39.191389,46.2375,2021-06-19,2021,HUMAN_OBSERVATION,,4951951795,da71e98b-ca4a-4f9f-a8a1-87ea58fd449b
Juniperus polycarpos,39.370556,46.138056,2021-06-18,2021,HUMAN_OBSERVATION,,4951952087,da71e98b-ca4a-4f9f-a8a1-87ea58fd449b
Juniperus polycarpos,39.405833,46.130833,2021-06-18,2021,HUMAN_OBSERVATION,,4951952163,da71e98b-ca4a-4f9f-a8a1-87ea58fd449b
Juniperus polycarpos,39.311944,46.138056,2021-06-19,2021,HUMAN_OBSERVATION,,4951952469,da71e98b-ca4a-4f9f-a8a1-87ea58fd449b
Juniperus polycarpos,39.264444,46.13,2021-06-19,2021,HUMAN_OBSERVATION,,4951952560,da71e98b-ca4a-4f9f-a8a1-87ea58fd449b
Juniperus polycarpos,39.234722,46.148056,2021-06-19,2021,HUMAN_OBSERVATION,,4951952976,da71e98b-ca4a-4f9f-a8a1-87ea58fd449b
Juniperus polycarpos,39.498056,46.116389,2021-06-18,2021,HUMAN_OBSERVATION,,4951953096,da71e98b-ca4a-4f9f-a8a1-87ea58fd449b
Juniperus polycarpos,39.191389,46.2375,2021-06-19,2021,HUMAN_OBSERVATION,,4951953558,da71e98b-ca4a-4f9f-a8a1-87ea58fd449b
Juniperus polycarpos,39.370556,46.138056,2021-06-18,2021,HUMAN_OBSERVATION,,4951954330,da71e98b-ca4a-4f9f-a8a1-87ea58fd449b
Juniperus polycarpos,39.311944,46.138056,2021-06-19,2021,HUMAN_OBSERVATION,,4951954340,da71e98b-ca4a-4f9f-a8a1-87ea58fd449b
Juniperus polycarpos,39.264444,46.13,2021-06-19,2021,HUMAN_OBSERVATION,,4951954429,da71e98b-ca4a-4f9f-a8a1-87ea58fd449b
Juniperus polycarpos,39.234722,46.148056,2021-06-19,2021,HUMAN_OBSERVATION,,4951954640,da71e98b-ca4a-4f9f-a8a1-87ea58fd449b
Juniperus polycarpos,39.223056,46.203611,2021-06-19,2021,HUMAN_OBSERVATION,,4951954736,da71e98b-ca4a-4f9f-a8a1-87ea58fd449b
Juniperus polycarpos,39.498056,46.116389,2021-07-30,2021,HUMAN_OBSERVATION,,4951954111,da71e98b-ca4a-4f9f-a8a1-87ea58fd449b
Juniperus polycarpos,39.405833,46.130833,2021-07-30,2021,HUMAN_OBSERVATION,,4951954255,da71e98b-ca4a-4f9f-a8a1-87ea58fd449b
Juniperus polycarpos,39.370556,46.138056,2021-07-31,2021,HUMAN_OBSERVATION,,4951954281,da71e98b-ca4a-4f9f-a8a1-87ea58fd449b
Juniperus polycarpos,39.311944,46.138056,2021-07-31,2021,HUMAN_OBSERVATION,,4951954514,da71e98b-ca4a-4f9f-a8a1-87ea58fd449b
Juniperus polycarpos,39.498056,46.116389,2021-11-29,2021,HUMAN_OBSERVATION,,4951953374,da71e98b-ca4a-4f9f-a8a1-87ea58fd449b
Juniperus polycarpos,39.405833,46.130833,2021-11-30,2021,HUMAN_OBSERVATION,,4951953771,da71e98b-ca4a-4f9f-a8a1-87ea58fd449b
Juniperus polycarpos,39.311944,46.138056,2021-11-26,2021,HUMAN_OBSERVATION,,4951953802,da71e98b-ca4a-4f9f-a8a1-87ea58fd449b
Juniperus polycarpos,39.370556,46.138056,2021-11-30,2021,HUMAN_OBSERVATION,,4951953818,da71e98b-ca4a-4f9f-a8a1-87ea58fd449b
Juniperus polycarpos,39.223056,46.203611,2021-11-27,2021,HUMAN_OBSERVATION,,4951954044,da71e98b-ca4a-4f9f-a8a1-87ea58fd449b
Juniperus polycarpos,39.191389,46.2375,2021-11-27,2021,HUMAN_OBSERVATION,,4951954088,da71e98b-ca4a-4f9f-a8a1-87ea58fd449b
Juniperus polycarpos,39.70056,45.58528,2018-06-11,2018,PRESERVED_SPECIMEN,20.0,2611612758,7f5260c2-f762-11e1-a439-00145eb45e9a
Juniperus polycarpos,39.70136,45.53447,2011-07-13,2011,PRESERVED_SPECIMEN,,5029322449,85714c48-f762-11e1-a439-00145eb45e9a
Juniperus polycarpos,39.70136,45.53447,2011-07-13,2011,PRESERVED_SPECIMEN,,5029328134,85714c48-f762-11e1-a439-00145eb45e9a
Juniperus polycarpos,40.47777,45.311737,2009-05-05,2009,PRESERVED_SPECIMEN,4000.0,1697760254,902c8fe7-8f38-45b0-854e-c324fed36303
Juniperus polycarpos,39.65194,45.60472,2009-06-18,2009,PRESERVED_SPECIMEN,,1230878055,7f5260c2-f762-11e1-a439-00145eb45e9a
Juniperus polycarpos,39.6512,45.6028,2009-06-18,2009,PRESERVED_SPECIMEN,,2521372167,838475f4-f762-11e1-a439-00145eb45e9a
Juniperus polycarpos,39.70833,45.27194,2007-06-12,2007,PRESERVED_SPECIMEN,,1230878067,7f5260c2-f762-11e1-a439-00145eb45e9a
Juniperus polycarpos,39.705,45.2698,2007-06-12,2007,PRESERVED_SPECIMEN,,2521414058,838475f4-f762-11e1-a439-00145eb45e9a
Juniperus polycarpos,39.0025,46.37778,2005-04-30,2005,PRESERVED_SPECIMEN,,1230877952,7f5260c2-f762-11e1-a439-00145eb45e9a
Juniperus polycarpos,39.01667,46.21,2005-04-29,2005,PRESERVED_SPECIMEN,,1230878224,7f5260c2-f762-11e1-a439-00145eb45e9a
Juniperus polycarpos,39.0167,46.21,2005-04-29,2005,PRESERVED_SPECIMEN,,1928636383,d415c253-4d61-4459-9d25-4015b9084fb0
Juniperus polycarpos,39.0025,46.3778,2005-04-30,2005,PRESERVED_SPECIMEN,,1930636472,d415c253-4d61-4459-9d25-4015b9084fb0
Juniperus polycarpos,40.383333,45.533333,2005-05-05T00:00,2005,PRESERVED_SPECIMEN,,1020041846,cd6e21c8-9e8a-493a-8a76-fbf7862069e5
Juniperus polycarpos,40.39167,45.54278,2005-05-05,2005,PRESERVED_SPECIMEN,,1230877950,7f5260c2-f762-11e1-a439-00145eb45e9a
Juniperus polycarpos,40.80222,45.06972,2005-05-06,2005,PRESERVED_SPECIMEN,,1230878209,7f5260c2-f762-11e1-a439-00145eb45e9a
Juniperus polycarpos,39.78,45.53,2005-06-24,2005,PRESERVED_SPECIMEN,100.0,895192734,834a4794-f762-11e1-a439-00145eb45e9a
Juniperus polycarpos,39.78583,45.5375,2005-06-24,2005,PRESERVED_SPECIMEN,,1230877826,7f5260c2-f762-11e1-a439-00145eb45e9a
Juniperus polycarpos,40.39333,45.54361,2005-06-20,2005,PRESERVED_SPECIMEN,,1230877831,7f5260c2-f762-11e1-a439-00145eb45e9a
Juniperus polycarpos,39.785833,45.5375,2005-06-24,2005,PRESERVED_SPECIMEN,,1936662175,834c9918-f762-11e1-a439-00145eb45e9a
Juniperus polycarpos,39.87194,45.3375,2005-08-17,2005,PRESERVED_SPECIMEN,,1230878177,7f5260c2-f762-11e1-a439-00145eb45e9a
Juniperus polycarpos,40.45972,44.65944,2004-06-17,2004,PRESERVED_SPECIMEN,,1230877773,7f5260c2-f762-11e1-a439-00145eb45e9a
Juniperus polycarpos,40.464722,44.673611,2004-06-17T00:00,2004,PRESERVED_SPECIMEN,,5843803673,cd6e21c8-9e8a-493a-8a76-fbf7862069e5
Juniperus polycarpos,39.95,44.88333,2002-06-20,2002,PRESERVED_SPECIMEN,,893475402,85714c48-f762-11e1-a439-00145eb45e9a
Juniperus polycarpos,39.95,44.88333,2002-06-20,2002,PRESERVED_SPECIMEN,,893475408,85714c48-f762-11e1-a439-00145eb45e9a
Juniperus polycarpos,39.8,44.96667,2002-06-23,2002,PRESERVED_SPECIMEN,,893475410,85714c48-f762-11e1-a439-00145eb45e9a
Juniperus polycarpos,39.7,45.56667,2002-06-24,2002,PRESERVED_SPECIMEN,,893475438,85714c48-f762-11e1-a439-00145eb45e9a
Juniperus polycarpos,39.7,45.57,2002-06-24,2002,PRESERVED_SPECIMEN,,2521384244,838475f4-f762-11e1-a439-00145eb45e9a
Juniperus polycarpos,39.95,44.88,2002-06-20,2002,PRESERVED_SPECIMEN,,2521391966,838475f4-f762-11e1-a439-00145eb45e9a
Juniperus polycarpos,39.8,44.97,2002-06-23,2002,PRESERVED_SPECIMEN,,2521417389,838475f4-f762-11e1-a439-00145eb45e9a
Juniperus polycarpos,40.466333,45.3005,1999-05-26,1999,PRESERVED_SPECIMEN,10473.0,3978726277,abba37fc-a9c3-4de2-bba2-7f929abc937d
Juniperus polycarpos,40.466333,45.3005,1999-05-26,1999,PRESERVED_SPECIMEN,,3978752283,abba37fc-a9c3-4de2-bba2-7f929abc937d
Juniperus polycarpos,40.388602,45.329753,1999-05-26,1999,PRESERVED_SPECIMEN,20776.0,3978756678,abba37fc-a9c3-4de2-bba2-7f929abc937d
Juniperus polycarpos,39.90358,45.246334,1977-07-10,1977,PRESERVED_SPECIMEN,1000.0,1697760202,902c8fe7-8f38-45b0-854e-c324fed36303
Juniperus polycarpos,38.89626,46.183879,1977-07-04,1977,PRESERVED_SPECIMEN,3000.0,1697760252,902c8fe7-8f38-45b0-854e-c324fed36303
Juniperus polycarpos,40.195528,44.635391,1973-06-06,1973,PRESERVED_SPECIMEN,,1697760174,902c8fe7-8f38-45b0-854e-c324fed36303
Juniperus polycarpos,40.195528,44.635391,1973-06-06,1973,PRESERVED_SPECIMEN,,1697760214,902c8fe7-8f38-45b0-854e-c324fed36303
Juniperus polycarpos,39.832796,45.669565,1973-06-04,1973,PRESERVED_SPECIMEN,,1697760261,902c8fe7-8f38-45b0-854e-c324fed36303
Juniperus polycarpos,39.832796,45.669565,1973-06-04,1973,PRESERVED_SPECIMEN,,1697760300,902c8fe7-8f38-45b0-854e-c324fed36303
Juniperus polycarpos,39.698023,45.567975,1972-07-22,1972,PRESERVED_SPECIMEN,,1697760208,902c8fe7-8f38-45b0-854e-c324fed36303
Juniperus polycarpos,40.081192,44.546448,1972-07-19,1972,PRESERVED_SPECIMEN,,1697760220,902c8fe7-8f38-45b0-854e-c324fed36303
Juniperus polycarpos,40.081192,44.546448,1972-07-19,1972,PRESERVED_SPECIMEN,,1697760221,902c8fe7-8f38-45b0-854e-c324fed36303
Juniperus polycarpos,39.698023,45.567975,1972-07-22,1972,PRESERVED_SPECIMEN,,1697760222,902c8fe7-8f38-45b0-854e-c324fed36303
Juniperus polycarpos,39.698023,45.567975,1972-07-22,1972,PRESERVED_SPECIMEN,,1697760231,902c8fe7-8f38-45b0-854e-c324fed36303
Juniperus polycarpos,39.698023,45.567975,1972-07-22,1972,PRESERVED_SPECIMEN,,1697760233,902c8fe7-8f38-45b0-854e-c324fed36303
Juniperus polycarpos,39.698023,45.567975,1972-07-22,1972,PRESERVED_SPECIMEN,,1697760237,902c8fe7-8f38-45b0-854e-c324fed36303
Juniperus polycarpos,39.698023,45.567975,1972-07-22,1972,PRESERVED_SPECIMEN,,1697760241,902c8fe7-8f38-45b0-854e-c324fed36303
Juniperus polycarpos,40.081192,44.546448,1972-07-19,1972,PRESERVED_SPECIMEN,,1697760256,902c8fe7-8f38-45b0-854e-c324fed36303
Juniperus polycarpos,40.081192,44.546448,1972-07-19,1972,PRESERVED_SPECIMEN,,1697760259,902c8fe7-8f38-45b0-854e-c324fed36303
Juniperus polycarpos,39.698023,45.567975,1972-07-22,1972,PRESERVED_SPECIMEN,,1697760282,902c8fe7-8f38-45b0-854e-c324fed36303
Juniperus polycarpos,40.349751,45.628023,1969-06-20,1969,PRESERVED_SPECIMEN,5000.0,1697760196,902c8fe7-8f38-45b0-854e-c324fed36303
Juniperus polycarpos,40.349751,45.628023,1969-06-20,1969,PRESERVED_SPECIMEN,5000.0,1697760255,902c8fe7-8f38-45b0-854e-c324fed36303
Juniperus polycarpos,38.998306,46.205749,1967-05-14,1967,PRESERVED_SPECIMEN,,5888742229,902c8fe7-8f38-45b0-854e-c324fed36303
Juniperus polycarpos,39.825031,45.671245,1960-08-20,1960,PRESERVED_SPECIMEN,,6187397314,902c8fe7-8f38-45b0-854e-c324fed36303
Juniperus polycarpos,39.666667,45.666667,1959-08-29,1959,PRESERVED_SPECIMEN,,1697760236,902c8fe7-8f38-45b0-854e-c324fed36303
Juniperus polycarpos,39.666667,45.666667,1959-08-29,1959,PRESERVED_SPECIMEN,,1697760267,902c8fe7-8f38-45b0-854e-c324fed36303
Juniperus polycarpos,39.666667,45.666667,1959-08-29,1959,PRESERVED_SPECIMEN,,1697760295,902c8fe7-8f38-45b0-854e-c324fed36303
Juniperus polycarpos,39.666667,45.666667,1959-08-29,1959,PRESERVED_SPECIMEN,,6187397311,902c8fe7-8f38-45b0-854e-c324fed36303
Juniperus polycarpos,40.88328,45.143509,1952-07-28,1952,PRESERVED_SPECIMEN,5000.0,1697760234,902c8fe7-8f38-45b0-854e-c324fed36303
Juniperus polycarpos,40.88328,45.143509,1952-07-28,1952,PRESERVED_SPECIMEN,5000.0,1697760248,902c8fe7-8f38-45b0-854e-c324fed36303
Juniperus polycarpos,40.378477,45.530392,1952-08-21,1952,PRESERVED_SPECIMEN,5000.0,1697760224,902c8fe7-8f38-45b0-854e-c324fed36303
Juniperus polycarpos,40.378477,45.530392,1952-08-21,1952,PRESERVED_SPECIMEN,5000.0,1697760229,902c8fe7-8f38-45b0-854e-c324fed36303
Juniperus polycarpos,40.378477,45.530392,1952-08-21,1952,PRESERVED_SPECIMEN,,1697760269,902c8fe7-8f38-45b0-854e-c324fed36303
Juniperus polycarpos,38.973917,46.46805,1932-08-17,1932,PRESERVED_SPECIMEN,,1697760177,902c8fe7-8f38-45b0-854e-c324fed36303
Juniperus polycarpos,38.902067,46.21528,1932-08-01,1932,PRESERVED_SPECIMEN,,1697760204,902c8fe7-8f38-45b0-854e-c324fed36303
Juniperus polycarpos,38.900186,46.183353,1932-08-02,1932,PRESERVED_SPECIMEN,,1697760210,902c8fe7-8f38-45b0-854e-c324fed36303
Juniperus polycarpos,38.937555,46.216993,1932-08-31,1932,PRESERVED_SPECIMEN,2000.0,1697760212,902c8fe7-8f38-45b0-854e-c324fed36303
Juniperus polycarpos,38.902067,46.21528,1932-08-01,1932,PRESERVED_SPECIMEN,,1697760226,902c8fe7-8f38-45b0-854e-c324fed36303
Juniperus polycarpos,39.103223,46.219311,1932-08-20,1932,PRESERVED_SPECIMEN,,1697760228,902c8fe7-8f38-45b0-854e-c324fed36303
Juniperus polycarpos,39.83305,45.417864,1931-07-30,1931,PRESERVED_SPECIMEN,,1697760223,902c8fe7-8f38-45b0-854e-c324fed36303
Juniperus polycarpos,39.83305,45.417864,1931-08-28,1931,PRESERVED_SPECIMEN,,1697760275,902c8fe7-8f38-45b0-854e-c324fed36303
Juniperus polycarpos,39.872923,45.360488,1931-09-06,1931,PRESERVED_SPECIMEN,,1697760198,902c8fe7-8f38-45b0-854e-c324fed36303
Juniperus polycarpos,38.950718,46.174464,1929-06-29,1929,PRESERVED_SPECIMEN,,1697760178,902c8fe7-8f38-45b0-854e-c324fed36303
Juniperus polycarpos,40.50127,45.271912,1929-06-21,1929,PRESERVED_SPECIMEN,5000.0,1697760264,902c8fe7-8f38-45b0-854e-c324fed36303
Juniperus polycarpos,39.779999,45.529999,,,PRESERVED_SPECIMEN,,895350568,834b7330-f762-11e1-a439-00145eb45e9a
Juniperus polycarpos,39.200001,46.450001,,,PRESERVED_SPECIMEN,,895354636,834b7330-f762-11e1-a439-00145eb45e9a
Juniperus polycarpos,39.68,45.57,,,PRESERVED_SPECIMEN,,895355447,834b7330-f762-11e1-a439-00145eb45e9a
Juniperus polycarpos,40.77,45.0,,,PRESERVED_SPECIMEN,,895355821,834b7330-f762-11e1-a439-00145eb45e9a
Juniperus polycarpos,39.696667,45.524583,,,PRESERVED_SPECIMEN,,3046132191,966426ce-f762-11e1-a439-00145eb45e9a
Juniperus excelsa,39.998353,44.901727,2025-02-13T13:48:39,2025,HUMAN_OBSERVATION,3.0,5139987467,50c9509d-22c7-4a22-a47d-8c48425ef4a7
Juniperus excelsa,40.181575,44.622528,2023-03-04T15:53:23,2023,HUMAN_OBSERVATION,4.0,5062634304,50c9509d-22c7-4a22-a47d-8c48425ef4a7
Juniperus excelsa,40.07159,44.780074,2023-11-25T15:58,2023,HUMAN_OBSERVATION,31.0,5062699359,50c9509d-22c7-4a22-a47d-8c48425ef4a7
Juniperus excelsa,40.161831,44.291115,2022-06,2022,PRESERVED_SPECIMEN,,3970884802,6cb64442-84fe-4f9f-be21-0ab7ff7cd06c
Juniperus excelsa,40.161831,44.291115,2022-06-25,2022,PRESERVED_SPECIMEN,,3970884835,6cb64442-84fe-4f9f-be21-0ab7ff7cd06c
Juniperus excelsa,39.234722,46.148056,2021-01-08,2021,HUMAN_OBSERVATION,,4951954595,da71e98b-ca4a-4f9f-a8a1-87ea58fd449b
Juniperus excelsa,39.223056,46.203611,2021-01-08,2021,HUMAN_OBSERVATION,,4951954610,da71e98b-ca4a-4f9f-a8a1-87ea58fd449b
Juniperus excelsa,39.223056,46.203611,2021-06-19,2021,HUMAN_OBSERVATION,,4951951409,da71e98b-ca4a-4f9f-a8a1-87ea58fd449b
Juniperus excelsa,39.498056,46.116389,2021-06-18,2021,HUMAN_OBSERVATION,,4951951626,da71e98b-ca4a-4f9f-a8a1-87ea58fd449b
Juniperus excelsa,39.405833,46.130833,2021-06-18,2021,HUMAN_OBSERVATION,,4951951681,da71e98b-ca4a-4f9f-a8a1-87ea58fd449b
Juniperus excelsa,39.191389,46.2375,2021-06-19,2021,HUMAN_OBSERVATION,,4951951795,da71e98b-ca4a-4f9f-a8a1-87ea58fd449b
Juniperus excelsa,39.370556,46.138056,2021-06-18,2021,HUMAN_OBSERVATION,,4951952087,da71e98b-ca4a-4f9f-a8a1-87ea58fd449b
Juniperus excelsa,39.405833,46.130833,2021-06-18,2021,HUMAN_OBSERVATION,,4951952163,da71e98b-ca4a-4f9f-a8a1-87ea58fd449b
Juniperus excelsa,39.311944,46.138056,2021-06-19,2021,HUMAN_OBSERVATION,,4951952469,da71e98b-ca4a-4f9f-a8a1-87ea58fd449b
Juniperus excelsa,39.264444,46.13,2021-06-19,2021,HUMAN_OBSERVATION,,4951952560,da71e98b-ca4a-4f9f-a8a1-87ea58fd449b
Juniperus excelsa,39.234722,46.148056,2021-06-19,2021,HUMAN_OBSERVATION,,4951952976,da71e98b-ca4a-4f9f-a8a1-87ea58fd449b
Juniperus excelsa,39.498056,46.116389,2021-06-18,2021,HUMAN_OBSERVATION,,4951953096,da71e98b-ca4a-4f9f-a8a1-87ea58fd449b
Juniperus excelsa,39.191389,46.2375,2021-06-19,2021,HUMAN_OBSERVATION,,4951953558,da71e98b-ca4a-4f9f-a8a1-87ea58fd449b
Juniperus excelsa,39.370556,46.138056,2021-06-18,2021,HUMAN_OBSERVATION,,4951954330,da71e98b-ca4a-4f9f-a8a1-87ea58fd449b
Juniperus excelsa,39.311944,46.138056,2021-06-19,2021,HUMAN_OBSERVATION,,4951954340,da71e98b-ca4a-4f9f-a8a1-87ea58fd449b
Juniperus excelsa,39.264444,46.13,2021-06-19,2021,HUMAN_OBSERVATION,,4951954429,da71e98b-ca4a-4f9f-a8a1-87ea58fd449b
Juniperus excelsa,39.234722,46.148056,2021-06-19,2021,HUMAN_OBSERVATION,,4951954640,da71e98b-ca4a-4f9f-a8a1-87ea58fd449b
Juniperus excelsa,39.223056,46.203611,2021-06-19,2021,HUMAN_OBSERVATION,,4951954736,da71e98b-ca4a-4f9f-a8a1-87ea58fd449b
Juniperus excelsa,39.498056,46.116389,2021-07-30,2021,HUMAN_OBSERVATION,,4951954111,da71e98b-ca4a-4f9f-a8a1-87ea58fd449b
Juniperus excelsa,39.405833,46.130833,2021-07-30,2021,HUMAN_OBSERVATION,,4951954255,da71e98b-ca4a-4f9f-a8a1-87ea58fd449b
Juniperus excelsa,39.370556,46.138056,2021-07-31,2021,HUMAN_OBSERVATION,,4951954281,da71e98b-ca4a-4f9f-a8a1-87ea58fd449b
Juniperus excelsa,39.311944,46.138056,2021-07-31,2021,HUMAN_OBSERVATION,,4951954514,da71e98b-ca4a-4f9f-a8a1-87ea58fd449b
Juniperus excelsa,39.498056,46.116389,2021-11-29,2021,HUMAN_OBSERVATION,,4951953374,da71e98b-ca4a-4f9f-a8a1-87ea58fd449b
Juniperus excelsa,39.405833,46.130833,2021-11-30,2021,HUMAN_OBSERVATION,,4951953771,da71e98b-ca4a-4f9f-a8a1-87ea58fd449b
Juniperus excelsa,39.311944,46.138056,2021-11-26,2021,HUMAN_OBSERVATION,,4951953802,da71e98b-ca4a-4f9f-a8a1-87ea58fd449b
Juniperus excelsa,39.370556,46.138056,2021-11-30,2021,HUMAN_OBSERVATION,,4951953818,da71e98b-ca4a-4f9f-a8a1-87ea58fd449b
Juniperus excelsa,39.223056,46.203611,2021-11-27,2021,HUMAN_OBSERVATION,,4951954044,da71e98b-ca4a-4f9f-a8a1-87ea58fd449b
Juniperus excelsa,39.191389,46.2375,2021-11-27,2021,HUMAN_OBSERVATION,,4951954088,da71e98b-ca4a-4f9f-a8a1-87ea58fd449b
Juniperus excelsa,39.70056,45.58528,2018-06-11,2018,PRESERVED_SPECIMEN,20.0,2611612758,7f5260c2-f762-11e1-a439-00145eb45e9a
Juniperus excelsa,39.70136,45.53447,2011-07-13,2011,PRESERVED_SPECIMEN,,5029322449,85714c48-f762-11e1-a439-00145eb45e9a
Juniperus excelsa,39.70136,45.53447,2011-07-13,2011,PRESERVED_SPECIMEN,,5029328134,85714c48-f762-11e1-a439-00145eb45e9a
Juniperus excelsa,40.47777,45.311737,2009-05-05,2009,PRESERVED_SPECIMEN,4000.0,1697760254,902c8fe7-8f38-45b0-854e-c324fed36303
Juniperus excelsa,39.65194,45.60472,2009-06-18,2009,PRESERVED_SPECIMEN,,1230878055,7f5260c2-f762-11e1-a439-00145eb45e9a
Juniperus excelsa,39.6512,45.6028,2009-06-18,2009,PRESERVED_SPECIMEN,,2521372167,838475f4-f762-11e1-a439-00145eb45e9a
Juniperus excelsa,39.70833,45.27194,2007-06-12,2007,PRESERVED_SPECIMEN,,1230878067,7f5260c2-f762-11e1-a439-00145eb45e9a
Juniperus excelsa,39.705,45.2698,2007-06-12,2007,PRESERVED_SPECIMEN,,2521414058,838475f4-f762-11e1-a439-00145eb45e9a
Juniperus excelsa,39.0025,46.37778,2005-04-30,2005,PRESERVED_SPECIMEN,,1230877952,7f5260c2-f762-11e1-a439-00145eb45e9a
Juniperus excelsa,39.01667,46.21,2005-04-29,2005,PRESERVED_SPECIMEN,,1230878224,7f5260c2-f762-11e1-a439-00145eb45e9a
Juniperus excelsa,39.0167,46.21,2005-04-29,2005,PRESERVED_SPECIMEN,,1928636383,d415c253-4d61-4459-9d25-4015b9084fb0
Juniperus excelsa,39.0025,46.3778,2005-04-30,2005,PRESERVED_SPECIMEN,,1930636472,d415c253-4d61-4459-9d25-4015b9084fb0
Juniperus excelsa,40.383333,45.533333,2005-05-05T00:00,2005,PRESERVED_SPECIMEN,,1020041846,cd6e21c8-9e8a-493a-8a76-fbf7862069e5
Juniperus excelsa,40.39167,45.54278,2005-05-05,2005,PRESERVED_SPECIMEN,,1230877950,7f5260c2-f762-11e1-a439-00145eb45e9a
Juniperus excelsa,40.80222,45.06972,2005-05-06,2005,PRESERVED_SPECIMEN,,1230878209,7f5260c2-f762-11e1-a439-00145eb45e9a
Juniperus excelsa,39.78,45.53,2005-06-24,2005,PRESERVED_SPECIMEN,100.0,895192734,834a4794-f762-11e1-a439-00145eb45e9a
Juniperus excelsa,39.78583,45.5375,2005-06-24,2005,PRESERVED_SPECIMEN,,1230877826,7f5260c2-f762-11e1-a439-00145eb45e9a
Juniperus excelsa,40.39333,45.54361,2005-06-20,2005,PRESERVED_SPECIMEN,,1230877831,7f5260c2-f762-11e1-a439-00145eb45e9a
Juniperus excelsa,39.785833,45.5375,2005-06-24,2005,PRESERVED_SPECIMEN,,1936662175,834c9918-f762-11e1-a439-00145eb45e9a
Juniperus excelsa,39.87194,45.3375,2005-08-17,2005,PRESERVED_SPECIMEN,,1230878177,7f5260c2-f762-11e1-a439-00145eb45e9a
Juniperus excelsa,40.45972,44.65944,2004-06-17,2004,PRESERVED_SPECIMEN,,1230877773,7f5260c2-f762-11e1-a439-00145eb45e9a
Juniperus excelsa,40.464722,44.673611,2004-06-17T00:00,2004,PRESERVED_SPECIMEN,,5843803673,cd6e21c8-9e8a-493a-8a76-fbf7862069e5
Juniperus excelsa,39.95,44.88333,2002-06-20,2002,PRESERVED_SPECIMEN,,893475402,85714c48-f762-11e1-a439-00145eb45e9a
Juniperus excelsa,39.95,44.88333,2002-06-20,2002,PRESERVED_SPECIMEN,,893475408,85714c48-f762-11e1-a439-00145eb45e9a
Juniperus excelsa,39.8,44.96667,2002-06-23,2002,PRESERVED_SPECIMEN,,893475410,85714c48-f762-11e1-a439-00145eb45e9a
Juniperus excelsa,39.7,45.56667,2002-06-24,2002,PRESERVED_SPECIMEN,,893475438,85714c48-f762-11e1-a439-00145eb45e9a
Juniperus excelsa,39.7,45.57,2002-06-24,2002,PRESERVED_SPECIMEN,,2521384244,838475f4-f762-11e1-a439-00145eb45e9a
Juniperus excelsa,39.95,44.88,2002-06-20,2002,PRESERVED_SPECIMEN,,2521391966,838475f4-f762-11e1-a439-00145eb45e9a
Juniperus excelsa,39.8,44.97,2002-06-23,2002,PRESERVED_SPECIMEN,,2521417389,838475f4-f762-11e1-a439-00145eb45e9a
Juniperus excelsa,40.466333,45.3005,1999-05-26,1999,PRESERVED_SPECIMEN,10473.0,3978726277,abba37fc-a9c3-4de2-bba2-7f929abc937d
Juniperus excelsa,40.466333,45.3005,1999-05-26,1999,PRESERVED_SPECIMEN,,3978752283,abba37fc-a9c3-4de2-bba2-7f929abc937d
Juniperus excelsa,40.388602,45.329753,1999-05-26,1999,PRESERVED_SPECIMEN,20776.0,3978756678,abba37fc-a9c3-4de2-bba2-7f929abc937d
Juniperus excelsa,39.716675,45.183289,1999-08-11,1999,PRESERVED_SPECIMEN,91804.0,3978706978,abba37fc-a9c3-4de2-bba2-7f929abc937d
Juniperus excelsa,39.90358,45.246334,1977-07-10,1977,PRESERVED_SPECIMEN,1000.0,1697760202,902c8fe7-8f38-45b0-854e-c324fed36303
Juniperus excelsa,38.89626,46.183879,1977-07-04,1977,PRESERVED_SPECIMEN,3000.0,1697760252,902c8fe7-8f38-45b0-854e-c324fed36303
Juniperus excelsa,40.195528,44.635391,1973-06-06,1973,PRESERVED_SPECIMEN,,1697760174,902c8fe7-8f38-45b0-854e-c324fed36303
Juniperus excelsa,40.195528,44.635391,1973-06-06,1973,PRESERVED_SPECIMEN,,1697760214,902c8fe7-8f38-45b0-854e-c324fed36303
Juniperus excelsa,39.832796,45.669565,1973-06-04,1973,PRESERVED_SPECIMEN,,1697760261,902c8fe7-8f38-45b0-854e-c324fed36303
Juniperus excelsa,39.832796,45.669565,1973-06-04,1973,PRESERVED_SPECIMEN,,1697760300,902c8fe7-8f38-45b0-854e-c324fed36303
Juniperus excelsa,39.698023,45.567975,1972-07-22,1972,PRESERVED_SPECIMEN,,1697760208,902c8fe7-8f38-45b0-854e-c324fed36303
Juniperus excelsa,40.081192,44.546448,1972-07-19,1972,PRESERVED_SPECIMEN,,1697760220,902c8fe7-8f38-45b0-854e-c324fed36303
Juniperus excelsa,40.081192,44.546448,1972-07-19,1972,PRESERVED_SPECIMEN,,1697760221,902c8fe7-8f38-45b0-854e-c324fed36303
Juniperus excelsa,39.698023,45.567975,1972-07-22,1972,PRESERVED_SPECIMEN,,1697760222,902c8fe7-8f38-45b0-854e-c324fed36303
Juniperus excelsa,39.698023,45.567975,1972-07-22,1972,PRESERVED_SPECIMEN,,1697760231,902c8fe7-8f38-45b0-854e-c324fed36303
Juniperus excelsa,39.698023,45.567975,1972-07-22,1972,PRESERVED_SPECIMEN,,1697760233,902c8fe7-8f38-45b0-854e-c324fed36303
Juniperus excelsa,39.698023,45.567975,1972-07-22,1972,PRESERVED_SPECIMEN,,1697760237,902c8fe7-8f38-45b0-854e-c324fed36303
Juniperus excelsa,39.698023,45.567975,1972-07-22,1972,PRESERVED_SPECIMEN,,1697760241,902c8fe7-8f38-45b0-854e-c324fed36303
Juniperus excelsa,40.081192,44.546448,1972-07-19,1972,PRESERVED_SPECIMEN,,1697760256,902c8fe7-8f38-45b0-854e-c324fed36303
Juniperus excelsa,40.081192,44.546448,1972-07-19,1972,PRESERVED_SPECIMEN,,1697760259,902c8fe7-8f38-45b0-854e-c324fed36303
Juniperus excelsa,39.698023,45.567975,1972-07-22,1972,PRESERVED_SPECIMEN,,1697760282,902c8fe7-8f38-45b0-854e-c324fed36303
Juniperus excelsa,40.349751,45.628023,1969-06-20,1969,PRESERVED_SPECIMEN,5000.0,1697760196,902c8fe7-8f38-45b0-854e-c324fed36303
Juniperus excelsa,40.349751,45.628023,1969-06-20,1969,PRESERVED_SPECIMEN,5000.0,1697760255,902c8fe7-8f38-45b0-854e-c324fed36303
Juniperus excelsa,38.998306,46.205749,1967-05-14,1967,PRESERVED_SPECIMEN,,5888742229,902c8fe7-8f38-45b0-854e-c324fed36303
Juniperus excelsa,39.825031,45.671245,1960-08-20,1960,PRESERVED_SPECIMEN,,6187397314,902c8fe7-8f38-45b0-854e-c324fed36303
Juniperus excelsa,39.666667,45.666667,1959-08-29,1959,PRESERVED_SPECIMEN,,1697760236,902c8fe7-8f38-45b0-854e-c324fed36303
Juniperus excelsa,39.666667,45.666667,1959-08-29,1959,PRESERVED_SPECIMEN,,1697760267,902c8fe7-8f38-45b0-854e-c324fed36303
Juniperus excelsa,39.666667,45.666667,1959-08-29,1959,PRESERVED_SPECIMEN,,1697760295,902c8fe7-8f38-45b0-854e-c324fed36303
Juniperus excelsa,39.666667,45.666667,1959-08-29,1959,PRESERVED_SPECIMEN,,6187397311,902c8fe7-8f38-45b0-854e-c324fed36303
Juniperus excelsa,40.88328,45.143509,1952-07-28,1952,PRESERVED_SPECIMEN,5000.0,1697760234,902c8fe7-8f38-45b0-854e-c324fed36303
Juniperus excelsa,40.88328,45.143509,1952-07-28,1952,PRESERVED_SPECIMEN,5000.0,1697760248,902c8fe7-8f38-45b0-854e-c324fed36303
Juniperus excelsa,40.378477,45.530392,1952-08-21,1952,PRESERVED_SPECIMEN,5000.0,1697760224,902c8fe7-8f38-45b0-854e-c324fed36303
Juniperus excelsa,40.378477,45.530392,1952-08-21,1952,PRESERVED_SPECIMEN,5000.0,1697760229,902c8fe7-8f38-45b0-854e-c324fed36303
Juniperus excelsa,40.378477,45.530392,1952-08-21,1952,PRESERVED_SPECIMEN,,1697760269,902c8fe7-8f38-45b0-854e-c324fed36303
Juniperus excelsa,38.973917,46.46805,1932-08-17,1932,PRESERVED_SPECIMEN,,1697760177,902c8fe7-8f38-45b0-854e-c324fed36303
Juniperus excelsa,38.902067,46.21528,1932-08-01,1932,PRESERVED_SPECIMEN,,1697760204,902c8fe7-8f38-45b0-854e-c324fed36303
Juniperus excelsa,38.900186,46.183353,1932-08-02,1932,PRESERVED_SPECIMEN,,1697760210,902c8fe7-8f38-45b0-854e-c324fed36303
Juniperus excelsa,38.937555,46.216993,1932-08-31,1932,PRESERVED_SPECIMEN,2000.0,1697760212,902c8fe7-8f38-45b0-854e-c324fed36303
Juniperus excelsa,38.902067,46.21528,1932-08-01,1932,PRESERVED_SPECIMEN,,1697760226,902c8fe7-8f38-45b0-854e-c324fed36303
Juniperus excelsa,39.103223,46.219311,1932-08-20,1932,PRESERVED_SPECIMEN,,1697760228,902c8fe7-8f38-45b0-854e-c324fed36303
Juniperus excelsa,38.938611,46.215556,1932-08-31,1932,PRESERVED_SPECIMEN,,1703065777,aab0cf80-0c64-11dd-84d1-b8a03c50a862
Juniperus excelsa,39.83305,45.417864,1931-07-30,1931,PRESERVED_SPECIMEN,,1697760223,902c8fe7-8f38-45b0-854e-c324fed36303
Juniperus excelsa,39.83305,45.417864,1931-08-28,1931,PRESERVED_SPECIMEN,,1697760275,902c8fe7-8f38-45b0-854e-c324fed36303
Juniperus excelsa,39.872923,45.360488,1931-09-06,1931,PRESERVED_SPECIMEN,,1697760198,902c8fe7-8f38-45b0-854e-c324fed36303
Juniperus excelsa,38.950718,46.174464,1929-06-29,1929,PRESERVED_SPECIMEN,,1697760178,902c8fe7-8f38-45b0-854e-c324fed36303
Juniperus excelsa,40.50127,45.271912,1929-06-21,1929,PRESERVED_SPECIMEN,5000.0,1697760264,902c8fe7-8f38-45b0-854e-c324fed36303
Juniperus excelsa,39.779999,45.529999,,,PRESERVED_SPECIMEN,,895350568,834b7330-f762-11e1-a439-00145eb45e9a
Juniperus excelsa,39.200001,46.450001,,,PRESERVED_SPECIMEN,,895354636,834b7330-f762-11e1-a439-00145eb45e9a
Juniperus excelsa,39.68,45.57,,,PRESERVED_SPECIMEN,,895355447,834b7330-f762-11e1-a439-00145eb45e9a
Juniperus excelsa,40.77,45.0,,,PRESERVED_SPECIMEN,,895355821,834b7330-f762-11e1-a439-00145eb45e9a
Juniperus excelsa,39.696667,45.524583,,,PRESERVED_SPECIMEN,,3046132191,966426ce-f762-11e1-a439-00145eb45e9a
